fish_subset,population,brood_year,mig_year,season,n_length,n_pit,n_npt,len_mean,len_sd,len_min,len_max,jday_med,rkm_mean,notes
PIT,CAT,1993,1995,fall,501,501,0,77.96207585,7.372147508,60,106,304,32,
PIT,CAT,1994,1996,fall,511,511,0,89.52250489,6.717768536,70,116,290,32,
PIT,CAT,1995,1997,fall,403,403,0,90.30521092,6.362487048,70,109,316,32,
PIT,CAT,1996,1998,fall,583,583,0,88.17324185,6.839784388,65,108,287,32,
PIT,CAT,1997,1999,fall,656,656,0,83.03353659,7.596831621,59,106,292,32,
PIT,CAT,1998,2000,fall,677,677,0,85.7282127,7.944704531,66,107,301,32,
PIT,CAT,1999,2001,fall,510,510,0,84.33333333,6.389660935,65,105,297,32,
PIT,CAT,2000,2002,fall,514,514,0,80.72178988,7.184455816,58,98,277,32,
PIT,CAT,2001,2003,fall,849,849,0,79.29446408,7.299714389,62,103,284,32,
PIT,CAT,2002,2004,fall,522,522,0,74.01149425,7.209762393,59,95,293,32,
PIT,CAT,2003,2005,fall,544,544,0,77.34558824,7.919836556,58,97,279,32,
PIT,CAT,2004,2006,fall,500,500,0,79.758,8.652002676,56,117,285,32,
PIT,CAT,2005,2007,fall,500,500,0,83.744,8.293613933,61,107,284,32,
PIT,CAT,2006,2008,fall,499,499,0,78.12625251,8.214866298,57,103,289,32,
PIT,CAT,2007,2009,fall,500,500,0,87.458,6.88091054,66,108,293,32,
PIT,CAT,2008,2010,fall,820,820,0,78.42073171,7.870273554,56,100,296,32,
PIT,CAT,2009,2011,fall,499,499,0,83.03807615,6.616620874,59,102,306,32,
PIT,CAT,2010,2012,fall,1151,1151,0,79.84187663,8.11178539,57,108,295,32,
PIT,CAT,2011,2013,fall,1151,1151,0,75.05907906,7.808467123,55,95,287,32,
PIT,CAT,2012,2014,fall,920,920,0,73.54565217,8.889974462,55,99,278,32,
PIT,CAT,2013,2015,fall,703,703,0,75.49502134,8.173486824,56,102,287,32,
PIT,CAT,2014,2016,fall,699,699,0,72.48497854,8.208301085,55,104,291,32,
PIT,CAT,2015,2017,fall,700,700,0,74.08857143,8.98436956,56,111,287,32,
PIT,CAT,2016,2018,fall,1005,702,0,75.26069652,7.435894526,55,99,286,32,
PIT,CAT,2017,2019,fall,710,700,0,83.65211268,8.170354046,60,105,302.5,32,
PIT,CAT,2018,2020,fall,798,721,0,81.51879699,7.601361732,58,110,292,32,
PIT,CAT,2019,2021,fall,1025,700,0,77.94829268,8.125135787,55,111,296,32,
PIT,CAT,2020,2022,fall,1312,700,0,74.2027439,8.277604817,54,103,286.5,32,
PIT,CAT,1993,1995,spring,348,348,0,89.05172414,7.805464163,66,117,90,32,
PIT,CAT,1994,1996,spring,277,277,0,96.57761733,6.374081698,81,125,74,32,
PIT,CAT,1995,1997,spring,81,81,0,93.96296296,6.617107458,75,109,78,32,
PIT,CAT,1996,1998,spring,453,453,0,93.20309051,7.34023276,70,118,78,32,
PIT,CAT,1997,1999,spring,502,502,0,92.83864542,6.386726861,73,114,78,32,
PIT,CAT,1998,2000,spring,431,431,0,90.97447796,8.189147563,68,126,83,32,
PIT,CAT,1999,2001,spring,326,326,0,88.23619632,8.005539022,69,140,80,32,
PIT,CAT,2000,2002,spring,214,214,0,90.25233645,8.366143999,69,139,93,32,
PIT,CAT,2001,2003,spring,535,535,0,87.70841121,8.000762153,68,118,79,32,
PIT,CAT,2002,2004,spring,524,524,0,84.16030534,7.528725658,62,113,88,32,
PIT,CAT,2003,2005,spring,409,409,0,87.4205379,8.417952845,61,117,90,32,
PIT,CAT,2004,2006,spring,360,360,0,88.58055556,8.078939209,67,127,89,32,
PIT,CAT,2005,2007,spring,363,363,0,91.55922865,9.490541465,70,141,93,32,
PIT,CAT,2006,2008,spring,484,484,0,85.76239669,6.957676789,63,114,81,32,
PIT,CAT,2007,2009,spring,491,491,0,90.75560081,7.152660715,69,132,83,32,
PIT,CAT,2008,2010,spring,569,569,0,89.79613357,7.400793578,66,110,92,32,
PIT,CAT,2009,2011,spring,423,423,0,88.23640662,8.426481522,67,120,86,32,
PIT,CAT,2010,2012,spring,1033,1033,0,82.50726041,8.360586958,55,109,86,32,
PIT,CAT,2011,2013,spring,829,829,0,80.38238842,7.057029838,55,99,79,32,
PIT,CAT,2012,2014,spring,764,764,0,84.91884817,7.689840158,63,120,69,32,
PIT,CAT,2013,2015,spring,218,218,0,86.39449541,9.966782016,58,121,88,32,
PIT,CAT,2014,2016,spring,462,462,0,82.57575758,7.168993323,60,103,71,32,
PIT,CAT,2015,2017,spring,618,618,0,87.6828479,7.970146708,60,110,101,32,
PIT,CAT,2016,2018,spring,838,697,0,87.37231504,7.500206107,58,115,82,32,
PIT,CAT,2017,2019,spring,567,565,0,89.17460317,7.058027318,70,117,82,32,
PIT,CAT,2018,2020,spring,326,322,0,91.81595092,7.731047706,71,117,66,32,
PIT,CAT,2019,2021,spring,758,605,0,88.00791557,7.625476359,60,121,93,32,
PIT,CAT,2020,2022,spring,1027,700,0,89.25413827,8.059033525,65,137,90,32,
all,CAT,1991,1993,summer,1094,1094,0,76.8308958,7.14377993,57,137,232,43.61517367,
PIT,CAT,1991,1993,summer,1094,1094,0,76.8308958,7.14377993,57,137,232,43.61517367,
all,CAT,1992,1994,summer,1024,999,25,80.35449219,7.044913817,53,106,264,44.92675781,
PIT,CAT,1992,1994,summer,999,999,0,80.44744745,7.041744338,53,106,264,44.92492492,
all,CAT,1993,1995,summer,1090,1000,90,72.52385321,7.84432321,52,100,256,45.22844037,
PIT,CAT,1993,1995,summer,1000,1000,0,72.738,7.443033975,59,100,256,45.159,
all,CAT,1994,1996,summer,561,496,65,82.30124777,6.329365959,66,104,243,46.21212121,
PIT,CAT,1994,1996,summer,496,496,0,82.28225806,6.480192644,66,104,243,46.30241935,
all,CAT,1995,1997,summer,609,584,25,84.49425287,7.255468659,60,109,241,44.40722496,
PIT,CAT,1995,1997,summer,584,584,0,84.46575342,7.261037623,60,109,241,44.38184932,
all,CAT,1996,1998,summer,500,500,0,75.564,7.210956927,58,96,232,44.85,
PIT,CAT,1996,1998,summer,500,500,0,75.564,7.210956927,58,96,232,44.85,
all,CAT,1997,1999,summer,504,501,3,72.88690476,7.535542498,51,115,218,44.51785714,
PIT,CAT,1997,1999,summer,501,501,0,73.00399202,7.401079923,52,115,218,44.51497006,
all,CAT,1998,2000,summer,498,498,0,72.63253012,7.896176521,51,95,215,46.03413655,
PIT,CAT,1998,2000,summer,498,498,0,72.63253012,7.896176521,51,95,215,46.03413655,
all,CAT,1999,2001,summer,496,496,0,72.5141129,6.609742,52,94,221,44.84475806,
PIT,CAT,1999,2001,summer,496,496,0,72.5141129,6.609742,52,94,221,44.84475806,
all,CAT,2000,2002,summer,1281,501,780,68.26151444,5.932260363,52,93,213,43.1420765,
PIT,CAT,2000,2002,summer,501,501,0,68.54690619,5.37106092,58,89,212,42.01796407,
all,CAT,2001,2003,summer,1330,503,827,67.19849624,7.622764854,43,94,212,43.07218045,
PIT,CAT,2001,2003,summer,503,503,0,67.37972167,7.182935893,53,94,212,42.52286282,
all,CAT,2002,2004,summer,1312,467,845,62.61432927,7.961810574,43,87,210,42.10518293,
PIT,CAT,2002,2004,summer,467,467,0,67.00642398,5.72041385,55,84,210,41.88650964,
all,CAT,2003,2005,summer,1977,494,1483,68.79666161,7.908710476,45,100,216,41.20586748,
PIT,CAT,2003,2005,summer,494,494,0,70.19433198,6.612322403,57,88,216,41.89676113,
all,CAT,2004,2006,summer,2869,522,2347,65.62007668,7.461380896,42,99,209,44.97194144,
PIT,CAT,2004,2006,summer,522,522,0,66.97318008,6.614360072,54,89,209,43.79501916,
all,CAT,2005,2007,summer,1252,502,750,63.53674121,6.880811832,40,99,207,43.87819489,
PIT,CAT,2005,2007,summer,502,502,0,65.39840637,5.663610552,53,83,206,42.9123506,
all,CAT,2006,2008,summer,1083,1000,83,65.65835642,7.936298594,41,89,212,44.30193906,
PIT,CAT,2006,2008,summer,1000,1000,0,66.65,7.158683311,52,89,212,44.342,
all,CAT,2007,2009,summer,1002,996,6,65.06986028,5.822989145,49,89,212,45.39321357,
PIT,CAT,2007,2009,summer,996,996,0,65.1124498,5.78122117,51,89,212,45.37550201,
all,CAT,2008,2010,summer,1187,997,190,62.43302443,6.983685242,42,84,209,42.63016007,
PIT,CAT,2008,2010,summer,997,997,0,64.28385155,5.822049041,51,84,209,42.03510532,
all,CAT,2009,2011,summer,1082,991,91,67.48983364,7.602545229,43,92,215,42.13678373,
PIT,CAT,2009,2011,summer,991,991,0,68.54187689,6.904252248,55,92,215,41.91523713,
all,CAT,2010,2012,summer,1085,998,87,64.67281106,7.497407173,40,93,227,41.48202765,
PIT,CAT,2010,2012,summer,998,998,0,65.73246493,6.798841141,55,93,227,41.13727455,
all,CAT,2011,2013,summer,600,427,173,59.50833333,7.965698409,39,87,213,40.22166667,
PIT,CAT,2011,2013,summer,427,427,0,63.21311475,6.105413314,55,87,213,38.79156909,
all,CAT,2012,2014,summer,1214,998,216,61.06342669,7.212938141,43,85,205,42.52800659,
PIT,CAT,2012,2014,summer,998,998,0,63.19338677,5.97920807,55,85,205,42.28657315,
all,CAT,2013,2015,summer,1140,999,141,62.52807018,7.052425143,39,102,210,44.38245614,
PIT,CAT,2013,2015,summer,999,999,0,64.06806807,5.967125316,55,102,210,44.17217217,
all,CAT,2014,2016,summer,1093,997,96,64.28819762,7.358569905,46,86,202,42.39798719,
PIT,CAT,2014,2016,summer,997,997,0,65.45135406,6.603127733,55,86,202,42.19759278,
all,CAT,2015,2017,summer,1109,995,114,63.79260595,7.259022729,44,86,208,44.46708747,
PIT,CAT,2015,2017,summer,995,995,0,65.13668342,6.329119812,55,86,208,44.4080402,
all,CAT,2016,2018,summer,985,896,89,63.4213198,7.264609074,44,95,206,44.89543147,
PIT,CAT,2016,2018,summer,896,896,0,64.56473214,6.394502312,55,87,206,44.98102679,
all,CAT,2017,2019,summer,997,979,18,67.2998997,6.662347747,48,91,212,44.01805416,
PIT,CAT,2017,2019,summer,979,979,0,67.57507661,6.398110651,55,91,212,44.02145046,
all,CAT,2018,2020,summer,1533,1436,97,65.67514677,7.788415407,47,93,210,39.0332681,
PIT,CAT,2018,2020,summer,1436,1436,0,66.58983287,7.159575424,55,93,210,38.77506964,
all,CAT,2019,2021,summer,1122,1000,122,63.20231729,7.098709786,41,90,210,39.8057041,
PIT,CAT,2019,2021,summer,1000,1000,0,64.582,6.093800982,55,90,210,39.528,
all,CAT,2020,2022,summer,1360,1159,201,63.03676471,6.549644108,45,85,211,43.69338235,
PIT,CAT,2020,2022,summer,1159,1159,0,64.07333909,5.684020429,55,85,211,44.23727351,
all,CAT,1993,1995,winter,483,483,0,82.75569358,8.479799262,61,105,335,48,
PIT,CAT,1993,1995,winter,483,483,0,82.75569358,8.479799262,61,105,335,48,
all,CAT,1994,1996,winter,294,294,0,92.11564626,6.915893558,72,114,9,47.13605442,
PIT,CAT,1994,1996,winter,294,294,0,92.11564626,6.915893558,72,114,9,47.13605442,
all,CAT,1995,1997,winter,102,102,0,92.83333333,8.116824397,70,115,43.5,43.45098039,
PIT,CAT,1995,1997,winter,102,102,0,92.83333333,8.116824397,70,115,43.5,43.45098039,
all,CAT,1996,1998,winter,437,437,0,89.64302059,6.75357724,70,107,6,43.70480549,
PIT,CAT,1996,1998,winter,437,437,0,89.64302059,6.75357724,70,107,6,43.70480549,
all,CAT,1997,1999,winter,494,494,0,86.89068826,6.952183419,65,104,8,46.12955466,
PIT,CAT,1997,1999,winter,494,494,0,86.89068826,6.952183419,65,104,8,46.12955466,
all,CAT,1998,2000,winter,500,500,0,85.78,6.621728973,68,104,14,44.108,
PIT,CAT,1998,2000,winter,500,500,0,85.78,6.621728973,68,104,14,44.108,
all,CAT,1999,2001,winter,521,521,0,83.16314779,6.84036836,65,100,339,44.00959693,
PIT,CAT,1999,2001,winter,521,521,0,83.16314779,6.84036836,65,100,339,44.00959693,
all,CAT,2000,2002,winter,431,431,0,80.51972158,6.495361917,65,99,339,44.22737819,
PIT,CAT,2000,2002,winter,431,431,0,80.51972158,6.495361917,65,99,339,44.22737819,
all,CAT,2001,2003,winter,522,522,0,81.53065134,6.733764805,65,102,343,45.46743295,
PIT,CAT,2001,2003,winter,522,522,0,81.53065134,6.733764805,65,102,343,45.46743295,
all,CAT,2002,2004,winter,499,499,0,77.13627255,7.320644389,59,101,343,44.27254509,
PIT,CAT,2002,2004,winter,499,499,0,77.13627255,7.320644389,59,101,343,44.27254509,
all,CAT,2003,2005,winter,526,526,0,79.75095057,7.00453928,61,98,341,44.97908745,
PIT,CAT,2003,2005,winter,526,526,0,79.75095057,7.00453928,61,98,341,44.97908745,
all,CAT,2004,2006,winter,500,500,0,83.086,7.348646761,59,114,354,42.948,
PIT,CAT,2004,2006,winter,500,500,0,83.086,7.348646761,59,114,354,42.948,
all,CAT,2005,2007,winter,500,500,0,80.79,7.303189245,55,100,347,43.374,
PIT,CAT,2005,2007,winter,500,500,0,80.79,7.303189245,55,100,347,43.374,
all,CAT,2006,2008,winter,500,500,0,79.568,7.880709814,55,101,346,43.234,
PIT,CAT,2006,2008,winter,500,500,0,79.568,7.880709814,55,101,346,43.234,
all,CAT,2007,2009,winter,500,500,0,87.134,6.204275144,72,107,338,43.802,
PIT,CAT,2007,2009,winter,500,500,0,87.134,6.204275144,72,107,338,43.802,
all,CAT,2008,2010,winter,498,498,0,79.3875502,8.334819791,55,101,355,44.57630522,
PIT,CAT,2008,2010,winter,498,498,0,79.3875502,8.334819791,55,101,355,44.57630522,
all,CAT,2009,2011,winter,497,497,0,83.56740443,8.219026897,57,105,354,44.0362173,
PIT,CAT,2009,2011,winter,497,497,0,83.56740443,8.219026897,57,105,354,44.0362173,
all,CAT,2010,2012,winter,501,501,0,81.3992016,7.562824827,61,102,348,44.89820359,
PIT,CAT,2010,2012,winter,501,501,0,81.3992016,7.562824827,61,102,348,44.89820359,
all,CAT,2011,2013,winter,597,597,0,77.43718593,8.413285921,55,99,346,42.92294807,
PIT,CAT,2011,2013,winter,597,597,0,77.43718593,8.413285921,55,99,346,42.92294807,
all,CAT,2012,2014,winter,129,129,0,83.11627907,8.419311792,59,99,345,43.53488372,
PIT,CAT,2012,2014,winter,129,129,0,83.11627907,8.419311792,59,99,345,43.53488372,
all,CAT,2013,2015,winter,597,597,0,78.63651591,8.350754894,55,114,343,42.79731993,
PIT,CAT,2013,2015,winter,597,597,0,78.63651591,8.350754894,55,114,343,42.79731993,
all,CAT,2014,2016,winter,570,570,0,80.77192982,8.144817417,55,104,343,44.67192982,
PIT,CAT,2014,2016,winter,570,570,0,80.77192982,8.144817417,55,104,343,44.67192982,
all,CAT,2015,2017,winter,598,598,0,82.43143813,7.110834558,56,105,342,43.9548495,
PIT,CAT,2015,2017,winter,598,598,0,82.43143813,7.110834558,56,105,342,43.9548495,
all,CAT,2016,2018,winter,605,597,8,81.1785124,7.960240672,58,105,338,42.96363636,
PIT,CAT,2016,2018,winter,597,597,0,81.21775544,8.000806565,58,105,338,42.90954774,
all,CAT,2017,2019,winter,541,541,0,84.55637708,7.098191019,66,107,339,43.63401109,
PIT,CAT,2017,2019,winter,541,541,0,84.55637708,7.098191019,66,107,339,43.63401109,
all,CAT,2018,2020,winter,594,594,0,85.87878788,8.095683351,62,111,345,43.62121212,
PIT,CAT,2018,2020,winter,594,594,0,85.87878788,8.095683351,62,111,345,43.62121212,
all,CAT,2019,2021,winter,599,599,0,84.28213689,8.456985285,61,107,336,44.07178631,
PIT,CAT,2019,2021,winter,599,599,0,84.28213689,8.456985285,61,107,336,44.07178631,
all,CAT,2020,2022,winter,600,600,0,80.07166667,8.470898659,57,105,341,45.75,
PIT,CAT,2020,2022,winter,600,600,0,80.07166667,8.470898659,57,105,341,45.75,
PIT,LOS,1995,1997,fall,519,519,0,99.54142582,8.790445338,78,128,327,3,
PIT,LOS,1996,1998,fall,498,498,0,97.87550201,7.688382771,66,122,305,3,
PIT,LOS,1997,1999,fall,501,501,0,95.60878244,9.471781391,69,125,296,3,
PIT,LOS,1998,2000,fall,514,514,0,97.45525292,9.60866556,69,127,305,3,
PIT,LOS,1999,2001,fall,499,499,0,95.82965932,8.178053824,74,122,313,3,
PIT,LOS,2000,2002,fall,494,494,0,94.70647773,9.605445471,70,119,288,3,
PIT,LOS,2001,2003,fall,853,853,0,90.95779601,8.483654586,66,125,286,3,
PIT,LOS,2003,2005,fall,500,500,0,87.504,12.162147,54,117,279,3,
PIT,LOS,2004,2006,fall,495,495,0,86.24646465,10.8493485,59,120,291,3,
PIT,LOS,2005,2007,fall,499,499,0,84.29458918,10.91714831,56,126,284,3,
PIT,LOS,2006,2008,fall,499,499,0,91.38276553,8.867825941,62,132,296,3,
PIT,LOS,2007,2009,fall,500,500,0,84.444,9.689098061,60,117,294,3,
PIT,LOS,2008,2010,fall,1100,1100,0,84.11,11.00664412,58,120,287,3,
PIT,LOS,2009,2011,fall,1099,1099,0,88.23384895,8.30239617,59,121,296,3,
PIT,LOS,2010,2012,fall,1889,1889,0,73.4261514,10.07834638,55,113,292,3,
PIT,LOS,2011,2013,fall,1166,1166,0,79.39279588,10.37362533,55,121,285,3,
PIT,LOS,2012,2014,fall,1199,1199,0,82.41951626,8.981058872,57,113,282,3,
PIT,LOS,2013,2015,fall,1124,1124,0,92.99644128,8.549264588,67,124,290,3,
PIT,LOS,2014,2016,fall,1198,1198,0,85.75792988,9.537938127,57,127,296,3,
PIT,LOS,2015,2017,fall,919,919,0,90.37976061,9.236924076,65,126,285,3,
PIT,LOS,2016,2018,fall,1764,1200,0,84.8707483,9.365779621,49,125,287,3,
PIT,LOS,2017,2019,fall,1330,1200,0,88.86992481,7.612536539,65,116,305,3,
PIT,LOS,2018,2020,fall,1476,1200,0,84.43834688,8.43066998,56,125,305,3,
PIT,LOS,2019,2021,fall,1544,1210,0,91.90738342,7.533453403,66,124,293,3,
PIT,LOS,2020,2022,fall,1182,1174,0,87.41708968,8.561842311,65,129,287,3,
PIT,LOS,1995,1997,spring,482,482,0,102.1514523,12.09215687,79,141,93,3,
PIT,LOS,1996,1998,spring,483,483,0,109.3333333,13.83297922,77,148,102,3,
PIT,LOS,1997,1999,spring,599,599,0,94.83305509,9.593345791,70,135,98,3,
PIT,LOS,1998,2000,spring,382,382,0,92.5052356,13.69018745,54,144,109,3,
PIT,LOS,1999,2001,spring,444,444,0,100.7297297,12.23560725,64,148,110,3,
PIT,LOS,2000,2002,spring,405,405,0,94.40493827,10.695561,60,126,100,3,
PIT,LOS,2001,2003,spring,480,480,0,90.03958333,10.03295696,69,130,79,3,
PIT,LOS,2002,2004,spring,500,500,0,88.126,10.5785602,66,132,115,3,"No survival estimate for this season because trap operated only during second half of season, Apr 19 - June 18."
PIT,LOS,2003,2005,spring,464,464,0,91.45043103,10.22773723,68,128,89,3,
PIT,LOS,2004,2006,spring,517,517,0,89.54545455,9.02066768,65,127,100,3,
PIT,LOS,2005,2007,spring,505,505,0,92.10891089,9.788539004,70,130,96,3,
PIT,LOS,2006,2008,spring,498,498,0,95.57429719,9.104551563,74,140,113,3,
PIT,LOS,2007,2009,spring,593,593,0,91.40640809,10.9917856,69,148,99,3,
PIT,LOS,2008,2010,spring,1080,1080,0,91.15092593,8.909721189,66,128,100,3,
PIT,LOS,2009,2011,spring,1751,1751,0,90.47572816,8.514885066,64,137,97,3,
PIT,LOS,2010,2012,spring,1846,1846,0,84.30335861,8.997564235,55,136,100,3,
PIT,LOS,2011,2013,spring,1237,1237,0,91.44866613,10.18795811,56,143,104,3,
PIT,LOS,2012,2014,spring,1153,1153,0,90.73547268,9.175578961,68,131,93,3,
PIT,LOS,2013,2015,spring,680,680,0,95.125,9.854641259,63,127,102,3,
PIT,LOS,2014,2016,spring,891,891,0,90.41189675,8.434801763,63,128,88,3,
PIT,LOS,2015,2017,spring,603,603,0,90.72968491,9.736131515,65,132,93,3,
PIT,LOS,2016,2018,spring,930,839,0,90.35053763,9.692346294,53,147,93,3,
PIT,LOS,2017,2019,spring,529,525,0,90.40453686,10.09513732,65,130,99,3,
PIT,LOS,2018,2020,spring,1144,946,0,89.6993007,10.07150982,48,136,95,3,
PIT,LOS,2019,2021,spring,584,575,0,89.34417808,10.29028253,46,118,109,3,
PIT,LOS,2020,2022,spring,1078,1020,0,89.64935065,26.56736597,61,918,114,3,
all,LOS,1991,1993,summer,995,995,0,84.3959799,7.880392595,64,108,248,18.48241206,
PIT,LOS,1991,1993,summer,995,995,0,84.3959799,7.880392595,64,108,248,18.48241206,
all,LOS,1992,1994,summer,776,722,54,72.9007732,8.977201197,53,104,230,18.32989691,
PIT,LOS,1992,1994,summer,722,722,0,72.28947368,8.460932492,53,103,230,18.27977839,
all,LOS,1993,1995,summer,1225,1001,224,70.75183673,9.104448312,48,103,242,16.62204082,
PIT,LOS,1993,1995,summer,1001,1001,0,72.22977023,8.117952503,58,103,242,16.65534466,
all,LOS,1994,1996,summer,1092,976,116,68.38369963,7.492754206,39,97,227,22.78846154,
PIT,LOS,1994,1996,summer,976,976,0,69.17418033,7.193614643,39,97,227,22.17008197,
all,LOS,1995,1997,summer,528,527,1,76.48674242,8.666048301,55,105,228,18.42045455,
PIT,LOS,1995,1997,summer,527,527,0,76.52751423,8.623443932,59,105,228,18.42125237,
PIT,LOS,1997,1999,summer,497,497,0,72.03018109,10.31446558,54,102,224,20.43460765,
PIT,LOS,1998,2000,summer,509,509,0,69.44204322,9.481803987,52,99,222,16.33202358,
all,LOS,1999,2001,summer,483,483,0,77.01863354,9.084987423,55,104,229,17.93167702,
PIT,LOS,1999,2001,summer,483,483,0,77.01863354,9.084987423,55,104,229,17.93167702,
all,LOS,2000,2002,summer,520,501,19,72.41153846,11.98296244,47,103,220,13.88461538,
PIT,LOS,2000,2002,summer,501,501,0,73.18962076,11.50295493,53,103,220,13.91816367,
all,LOS,2001,2003,summer,941,509,432,67.76726886,11.9953906,42,123,226,18.48140276,
PIT,LOS,2001,2003,summer,509,509,0,69.58153242,10.00077422,51,103,225,17.8978389,
all,LOS,2002,2004,summer,1076,525,551,61.92565056,11.08722508,42,131,217,17.69981413,
PIT,LOS,2002,2004,summer,525,525,0,67.72952381,8.98616328,53,100,217,15.48380952,
all,LOS,2003,2005,summer,1416,499,917,71.54519774,11.59276938,47,109,224,15.32768362,
PIT,LOS,2003,2005,summer,499,499,0,71.71342685,11.15300849,51,109,224,17.05410822,
all,LOS,2004,2006,summer,2454,736,1718,61.85656072,10.22533542,40,97,222,19.50977995,
PIT,LOS,2004,2006,summer,736,736,0,62.98777174,8.5832371,49,93,221,22.80706522,
all,LOS,2005,2007,summer,2158,500,1658,66.85866543,11.1214456,35,102,220,13.83016682,
PIT,LOS,2005,2007,summer,500,500,0,68.932,8.806957534,53,102,220.5,15.494,
all,LOS,2006,2008,summer,1005,1000,5,73.16517413,9.991658926,53,106,228,17.63283582,
PIT,LOS,2006,2008,summer,1000,1000,0,73.158,9.977804999,53,106,228,17.642,
all,LOS,2007,2009,summer,1152,986,166,65.31336806,10.92474352,36,100,219,10.45746528,
PIT,LOS,2007,2009,summer,986,986,0,67.9989858,9.166203593,51,100,219,9.503042596,
all,LOS,2008,2010,summer,1130,997,133,65.26371681,8.85386788,41,96,237,16.15486726,
PIT,LOS,2008,2010,summer,997,997,0,66.86860582,7.888898926,52,96,237,15.79438315,
all,LOS,2009,2011,summer,1038,996,42,68.05780347,8.116113227,45,102,224,13.89595376,
PIT,LOS,2009,2011,summer,996,996,0,68.67269076,7.626013216,52,102,224,13.68975904,
all,LOS,2010,2012,summer,1324,1000,324,60.52265861,8.618579319,39,89,250,16.95317221,
PIT,LOS,2010,2012,summer,1000,1000,0,63.982,6.76945356,54,89,250,16.812,
all,LOS,2011,2013,summer,1711,999,712,58.07247224,9.401350327,32,99,221,19.59146698,
PIT,LOS,2011,2013,summer,999,999,0,63.43543544,8.667631814,51,99,221,17.32832833,
all,LOS,2012,2014,summer,923,800,123,62.69664139,8.994036322,44,99,216,21.49404117,
PIT,LOS,2012,2014,summer,800,800,0,64.38875,8.414935375,55,99,217,21.2775,
all,LOS,2013,2015,summer,1033,998,35,67.90609874,8.799439045,49,107,217,21.50242014,
PIT,LOS,2013,2015,summer,998,998,0,68.42284569,8.479224662,55,107,217,21.53707415,
all,LOS,2014,2016,summer,1150,997,153,64.76434783,10.1557556,43,100,208,17.52608696,
PIT,LOS,2014,2016,summer,997,997,0,66.72316951,9.440342954,55,100,208,16.56870612,
all,LOS,2015,2017,summer,861,727,134,62.85017422,8.364909574,45,90,214,17.64576074,
PIT,LOS,2015,2017,summer,727,727,0,64.81980743,7.4698102,55,90,214,17.48555708,
all,LOS,2016,2018,summer,1010,912,98,67.68613861,10.41875957,46,104,213,11.31683168,
PIT,LOS,2016,2018,summer,912,912,0,69.39912281,9.458019747,55,104,213,10.72807018,
all,LOS,2017,2019,summer,1019,995,24,69.54170756,8.664278529,47,100,218,23.06476938,
PIT,LOS,2017,2019,summer,995,995,0,69.95075377,8.346530679,55,100,218,23.08241206,
all,LOS,2018,2020,summer,1453,993,460,58.50516173,7.758546842,42,87,218,16.62422574,
PIT,LOS,2018,2020,summer,993,993,0,62.36354481,6.035994212,55,87,218,15.86404834,
all,LOS,2019,2021,summer,1239,998,241,63.37126715,8.864771956,43,99,217,16.46004843,
PIT,LOS,2019,2021,summer,998,998,0,65.87174349,7.774116918,55,99,217,16.27354709,
all,LOS,2020,2022,summer,1218,998,220,61.19376026,8.098523993,40,94,215,21.55665025,
PIT,LOS,2020,2022,summer,998,998,0,63.01903808,7.033851254,55,94,215,21.8747495,
all,LOS,1995,1997,winter,392,392,0,91.93112245,9.279014122,73,126,34,25,
PIT,LOS,1995,1997,winter,392,392,0,91.93112245,9.279014122,73,126,34,25,
all,LOS,1996,1998,winter,504,504,0,94.625,8.136280211,76,123,350,14.46428571,
PIT,LOS,1996,1998,winter,504,504,0,94.625,8.136280211,76,123,350,14.46428571,
all,LOS,1997,1999,winter,491,491,0,87.31160896,9.017366898,67,128,11,17.28309572,
PIT,LOS,1997,1999,winter,491,491,0,87.31160896,9.017366898,67,128,11,17.28309572,
all,LOS,1998,2000,winter,511,511,0,83.97064579,8.534883402,67,131,5,18.15264188,
PIT,LOS,1998,2000,winter,511,511,0,83.97064579,8.534883402,67,131,5,18.15264188,
all,LOS,1999,2001,winter,499,499,0,88.66733467,8.726635766,63,115,352,17.30661323,
PIT,LOS,1999,2001,winter,499,499,0,88.66733467,8.726635766,63,115,352,17.30661323,
all,LOS,2000,2002,winter,563,563,0,81.49023091,8.937773839,55,116,345,16.1722913,
PIT,LOS,2000,2002,winter,563,563,0,81.49023091,8.937773839,55,116,345,16.1722913,
all,LOS,2001,2003,winter,501,501,0,78.57884232,7.050976631,61,100,343,21.10978044,
PIT,LOS,2001,2003,winter,501,501,0,78.57884232,7.050976631,61,100,343,21.10978044,
all,LOS,2002,2004,winter,500,500,0,75.32,7.431827778,58,102,336,17.268,
PIT,LOS,2002,2004,winter,500,500,0,75.32,7.431827778,58,102,336,17.268,
all,LOS,2003,2005,winter,500,500,0,79.938,7.846610389,58,108,345,16.91,
PIT,LOS,2003,2005,winter,500,500,0,79.938,7.846610389,58,108,345,16.91,
all,LOS,2004,2006,winter,501,501,0,73.39321357,7.051175353,54,107,348,19.55489022,
PIT,LOS,2004,2006,winter,501,501,0,73.39321357,7.051175353,54,107,348,19.55489022,
all,LOS,2005,2007,winter,500,500,0,75.706,7.74645591,56,97,347,15.558,
PIT,LOS,2005,2007,winter,500,500,0,75.706,7.74645591,56,97,347,15.558,
all,LOS,2006,2008,winter,500,500,0,78.192,8.189338589,56,110,339,20.798,
PIT,LOS,2006,2008,winter,500,500,0,78.192,8.189338589,56,110,339,20.798,
all,LOS,2007,2009,winter,494,494,0,72.30769231,7.247749986,56,114,345,20.76315789,
PIT,LOS,2007,2009,winter,494,494,0,72.30769231,7.247749986,56,114,345,20.76315789,
all,LOS,2008,2010,winter,499,499,0,71.59719439,7.083840436,55,95,349,18.49699399,
PIT,LOS,2008,2010,winter,499,499,0,71.59719439,7.083840436,55,95,349,18.49699399,
all,LOS,2009,2011,winter,500,500,0,77.584,7.667105909,56,103,342,18.836,
PIT,LOS,2009,2011,winter,500,500,0,77.584,7.667105909,56,103,342,18.836,
all,LOS,2010,2012,winter,500,500,0,69.426,7.809641798,54,93,341,18.818,
PIT,LOS,2010,2012,winter,500,500,0,69.426,7.809641798,54,93,341,18.818,
all,LOS,2011,2013,winter,592,592,0,73.83445946,7.113983397,55,93,354,17,
PIT,LOS,2011,2013,winter,592,592,0,73.83445946,7.113983397,55,93,354,17,
all,LOS,2012,2014,winter,598,598,0,76.81939799,7.296369647,56,108,335,18.92140468,
PIT,LOS,2012,2014,winter,598,598,0,76.81939799,7.296369647,56,108,335,18.92140468,
all,LOS,2013,2015,winter,597,597,0,83.78894472,7.047228861,66,105,336,18.75879397,
PIT,LOS,2013,2015,winter,597,597,0,83.78894472,7.047228861,66,105,336,18.75879397,
all,LOS,2014,2016,winter,598,598,0,77.47491639,6.711464696,60,102,335,20.28093645,
PIT,LOS,2014,2016,winter,598,598,0,77.47491639,6.711464696,60,102,335,20.28093645,
all,LOS,2015,2017,winter,597,597,0,81.14572864,7.469886032,56,111,340,17.51423786,
PIT,LOS,2015,2017,winter,597,597,0,81.14572864,7.469886032,56,111,340,17.51423786,
all,LOS,2016,2018,winter,599,599,0,79.24207012,7.575914554,57,116,334,16.76794658,
PIT,LOS,2016,2018,winter,599,599,0,79.24207012,7.575914554,57,116,334,16.76794658,
all,LOS,2017,2019,winter,599,599,0,83.75792988,6.477372479,64,102,333,19.42070117,
PIT,LOS,2017,2019,winter,599,599,0,83.75792988,6.477372479,64,102,333,19.42070117,
all,LOS,2018,2020,winter,600,599,1,74.96833333,6.939567221,54,105,340,16.93,
PIT,LOS,2018,2020,winter,599,599,0,75.0033389,6.892144882,58,105,340,16.92654424,
all,LOS,2019,2021,winter,598,598,0,82.01505017,6.736095493,49,105,336,15.49498328,
PIT,LOS,2019,2021,winter,598,598,0,82.01505017,6.736095493,49,105,336,15.49498328,
all,LOS,2020,2022,winter,149,149,0,80.8590604,6.238524746,66,98,343,23.04026846,
PIT,LOS,2020,2022,winter,149,149,0,80.8590604,6.238524746,66,98,343,23.04026846,
PIT,MIN,1999,2001,fall,297,297,0,85.82828283,8.989528898,57,106,304,0,
PIT,MIN,2000,2002,fall,534,534,0,72.10299625,7.586565494,55,100,284,0,
PIT,MIN,2001,2003,fall,849,849,0,79.03297998,8.138184264,64,116,296,0,
PIT,MIN,2002,2004,fall,500,500,0,71.81,7.538937003,55,102,295,0,
PIT,MIN,2003,2005,fall,498,498,0,76.40160643,10.06774625,58,122,282,0,
PIT,MIN,2004,2006,fall,499,499,0,78.57114228,9.620951081,58,110,286,0,
PIT,MIN,2005,2007,fall,500,500,0,78.304,9.284610492,55,102,298,0,
PIT,MIN,2006,2008,fall,500,500,0,80.338,8.66359462,56,103,289,0,
PIT,MIN,2007,2009,fall,500,500,0,82.498,8.602907417,58,115,301.5,0,
PIT,MIN,2008,2010,fall,945,945,0,75.94391534,7.974537572,57,103,294,0,
PIT,MIN,2009,2011,fall,932,932,0,81.21995708,8.136715056,58,120,304,0,
PIT,MIN,2010,2012,fall,1298,1298,0,76.67565485,8.202828305,56,106,296,0,
PIT,MIN,2011,2013,fall,1205,1205,0,75.0746888,9.446794443,55,118,297,0,
PIT,MIN,2012,2014,fall,1084,1084,0,78.11439114,9.383578095,55,110,291,0,
PIT,MIN,2013,2015,fall,1093,1093,0,80.26075023,8.676242571,55,113,295,0,
PIT,MIN,2014,2016,fall,1089,1089,0,77.98071625,10.15036742,55,112,299,0,
PIT,MIN,2015,2017,fall,899,899,0,81.81535039,9.333307704,65,118,292,0,
PIT,MIN,2016,2018,fall,1454,1100,0,77.90577717,8.171597845,50,108,289,0,
PIT,MIN,2017,2019,fall,1197,1100,0,83.19548872,9.271916801,58,110,289,0,
PIT,MIN,2018,2020,fall,1256,1148,0,81.23964968,8.748858341,54,118,295,0,
PIT,MIN,2019,2021,fall,1194,1100,0,84.639866,8.523481809,59,117,291,0,
PIT,MIN,2020,2022,fall,1222,1099,0,80.04909984,9.179841802,51,111,299,0,
PIT,MIN,1999,2001,spring,539,539,0,90.35435993,8.178005371,69,148,92,0,
PIT,MIN,2000,2002,spring,382,382,0,85.64659686,9.469843083,64,131,112,0,
PIT,MIN,2001,2003,spring,510,510,0,86.44509804,9.401747397,63,132,86,0,
PIT,MIN,2002,2004,spring,412,412,0,84.42961165,8.083349071,63,116,86,0,
PIT,MIN,2003,2005,spring,373,373,0,84.69168901,7.31832731,64,110,89,0,
PIT,MIN,2004,2006,spring,401,401,0,84.33416459,7.358875924,65,115,103,0,
PIT,MIN,2005,2007,spring,215,215,0,91.2372093,8.203288127,68,114,86,0,
PIT,MIN,2006,2008,spring,496,496,0,89.91532258,8.130804817,66,149,87,0,
PIT,MIN,2007,2009,spring,415,415,0,88.5060241,8.414637428,69,143,95,0,
PIT,MIN,2008,2010,spring,1059,1059,0,88.47025496,8.348834463,65,130,93,0,
PIT,MIN,2009,2011,spring,1089,1089,0,88.55280073,8.887946954,65,149,101,0.484848485,Some fish were captured at a trap 3 rkm upstream (RKM 3) of the standard site at RKM 0.
PIT,MIN,2010,2012,spring,1018,1018,0,84.10805501,7.843736514,64,117,93,0.500982318,Some fish were captured at a trap 3 rkm upstream (RKM 3) of the standard site at RKM 0.
PIT,MIN,2011,2013,spring,761,761,0,88.03153745,9.124233429,60,134,95,0,
PIT,MIN,2012,2014,spring,1103,1103,0,85.42520399,8.44881994,61,138,92,0,
PIT,MIN,2013,2015,spring,958,958,0,90.67014614,7.98481881,62,120,92,0,
PIT,MIN,2014,2016,spring,746,746,0,85.17426273,8.84780683,66,132,87,0,
PIT,MIN,2015,2017,spring,530,530,0,84.53396226,8.838381743,56,142,87,0,
PIT,MIN,2016,2018,spring,756,730,0,88.91269841,8.804592277,59,138,92,0,
PIT,MIN,2017,2019,spring,765,755,0,86.27320261,7.731581784,62,133,90,0,
PIT,MIN,2018,2020,spring,917,896,0,87.41548528,7.397531462,66,126,93,0,
PIT,MIN,2019,2021,spring,737,735,0,86.76526459,7.586672272,37,120,96,0,
PIT,MIN,2020,2022,spring,791,789,0,85.10493047,7.279439641,57,134,114,0,
all,MIN,1991,1993,summer,987,987,0,81.50253293,6.761568381,62,107,259,38.2887538,
PIT,MIN,1991,1993,summer,987,987,0,81.50253293,6.761568381,62,107,259,38.2887538,
all,MIN,1992,1994,summer,1017,995,22,76.40511308,7.512397458,48,101,251,36.86529007,
PIT,MIN,1992,1994,summer,995,995,0,76.50150754,7.405796559,57,101,251,36.86130653,
all,MIN,1993,1995,summer,1220,995,225,66.5352459,6.962308252,50,95,250,34.22295082,
PIT,MIN,1993,1995,summer,995,995,0,68.1718593,6.176447448,58,95,250,33.19095477,
all,MIN,1994,1996,summer,1081,991,90,80.34875116,6.826793674,62,115,249,35.27474561,
PIT,MIN,1994,1996,summer,991,991,0,80.5025227,6.82861949,62,115,249,35.2653885,
all,MIN,1995,1997,summer,629,589,40,91.53577107,7.246836027,68,114,257,29.6073132,
PIT,MIN,1995,1997,summer,589,589,0,91.6417657,7.318485188,68,114,257,29.17317487,
all,MIN,1996,1998,summer,995,995,0,76.2201005,7.226348919,58,107,246,35.4201005,
PIT,MIN,1996,1998,summer,995,995,0,76.2201005,7.226348919,58,107,246,35.4201005,
all,MIN,1997,1999,summer,1004,1003,1,74.47310757,7.29592915,54,105,231,35.56772908,
PIT,MIN,1997,1999,summer,1003,1003,0,74.49351944,7.270830621,56,105,231,35.56729811,
all,MIN,1998,2000,summer,997,997,0,70.332999,6.896935203,54,103,228,37.34002006,
PIT,MIN,1998,2000,summer,997,997,0,70.332999,6.896935203,54,103,228,37.34002006,
all,MIN,1999,2001,summer,999,999,0,79.08408408,7.88678259,58,109,235,37.5005005,
PIT,MIN,1999,2001,summer,999,999,0,79.08408408,7.88678259,58,109,235,37.5005005,
all,MIN,2000,2002,summer,1082,993,89,63.01016636,7.061569336,46,91,234,38.10536044,
PIT,MIN,2000,2002,summer,993,993,0,63.74924471,6.730749276,51,91,234,38.11480363,
all,MIN,2001,2003,summer,1062,999,63,65.92090395,8.20182251,42,94,233,36.66760829,
PIT,MIN,2001,2003,summer,999,999,0,66.67867868,7.664289826,53,94,233,36.68168168,
all,MIN,2002,2004,summer,1528,994,534,62.22447644,8.439856351,40,94,232,36.39201571,
PIT,MIN,2002,2004,summer,994,994,0,66.58350101,6.964560658,53,94,233,36.47887324,
all,MIN,2003,2005,summer,1023,1002,21,67.13685239,7.639430662,49,112,237,37.47214076,
PIT,MIN,2003,2005,summer,1002,1002,0,67.34231537,7.345993616,51,96,237,37.49700599,
all,MIN,2004,2006,summer,1062,1007,55,67.58286252,8.023775233,49,89,236,38.61676083,
PIT,MIN,2004,2006,summer,1007,1007,0,68.22840119,7.597181368,52,89,236,38.7428004,
all,MIN,2005,2007,summer,1006,1000,6,71.81212724,8.17236528,48,99,242,38.97813121,
PIT,MIN,2005,2007,summer,1000,1000,0,71.905,8.064925171,54,99,242,38.992,
all,MIN,2006,2008,summer,1011,1000,11,68.74975272,6.573701539,48,92,233,37.37289812,
PIT,MIN,2006,2008,summer,1000,1000,0,68.873,6.454341913,54,92,233,37.392,
all,MIN,2007,2009,summer,1000,995,5,66.277,7.209316559,48,92,232,37.312,
PIT,MIN,2007,2009,summer,995,995,0,66.32261307,7.19080575,48,92,232,37.32361809,
all,MIN,2008,2010,summer,1126,983,143,62.9991119,6.871325223,44,86,231,36.93072824,
PIT,MIN,2008,2010,summer,983,983,0,64.29094608,6.13234799,53,86,230,37.04577823,
all,MIN,2009,2011,summer,1079,999,80,65.05375348,7.294041733,38,90,230,38.07970343,
PIT,MIN,2009,2011,summer,999,999,0,65.82582583,6.764555574,52,86,230,38.12412412,
all,MIN,2010,2012,summer,1109,998,111,64.2110009,7.574457469,44,90,242,37.10730388,
PIT,MIN,2010,2012,summer,998,998,0,65.44488978,6.849175319,55,90,242,37.04208417,
all,MIN,2011,2013,summer,1085,995,90,64.94101382,7.515925582,42,90,234,37.91889401,
PIT,MIN,2011,2013,summer,995,995,0,66.10150754,6.656621621,52,90,234,37.95979899,
all,MIN,2012,2014,summer,1047,999,48,67.93123209,7.812639212,44,96,233,36.40687679,
PIT,MIN,2012,2014,summer,999,999,0,68.70770771,7.05451508,55,96,233,36.39239239,
all,MIN,2013,2015,summer,1011,995,16,69.56083086,7.629347253,49,102,232,38.68249258,
PIT,MIN,2013,2015,summer,995,995,0,69.75075377,7.401546071,55,102,232,38.68743719,
all,MIN,2014,2016,summer,1028,994,34,66.442607,7.720760327,48,94,231,38.78599222,
PIT,MIN,2014,2016,summer,994,994,0,66.91046278,7.413076766,55,94,231,38.85814889,
all,MIN,2015,2017,summer,1031,994,37,69.73132881,8.297887091,47,104,229,39.64209505,
PIT,MIN,2015,2017,summer,994,994,0,70.37323944,7.719172725,55,104,229,39.72937626,
all,MIN,2016,2018,summer,958,919,39,65.26096033,6.947538893,44,93,226,37.08559499,
PIT,MIN,2016,2018,summer,919,919,0,65.82589771,6.499048333,55,93,226,37.03808487,
all,MIN,2017,2019,summer,1004,998,6,69.60059761,6.813776997,48,96,234,37.69820717,
PIT,MIN,2017,2019,summer,998,998,0,69.70340681,6.701562597,55,96,234,37.70240481,
all,MIN,2018,2020,summer,1054,991,63,65.0028463,7.795644403,45,90,233,36.33111954,
PIT,MIN,2018,2020,summer,991,991,0,65.90514632,7.085130521,55,90,233,36.28960646,
all,MIN,2019,2021,summer,1001,989,12,68.58141858,6.917919802,49,102,231,39.82917083,
PIT,MIN,2019,2021,summer,989,989,0,68.67644085,6.804266127,55,102,231,39.86552073,
all,MIN,2020,2022,summer,1049,1000,49,69.36606292,7.24854762,49,95,238,38.10867493,
PIT,MIN,2020,2022,summer,1000,1000,0,69.571,7.083864774,55,94,238,38.177,
PIT,UGR,1992,1994,fall,403,403,0,78.63275434,11.26320647,54,139,284,299,
PIT,UGR,1993,1995,fall,424,424,0,78.86556604,8.759370162,56,103,308,257,"During mig_year 1995, the UGR trap was located at RKM 257 (just upstream of La Grande), 42 rkm below its standard location at RKM 299."
PIT,UGR,1994,1996,fall,4,4,0,96.25,5.315072906,90,102,293.5,299,
PIT,UGR,1995,1997,fall,27,27,0,92.22222222,5.351731088,83,104,319,299,
PIT,UGR,1996,1998,fall,600,600,0,82.09333333,11.01833146,57,115,303,299,
PIT,UGR,1997,1999,fall,499,499,0,85.19238477,12.37284978,57,117,311,299,
PIT,UGR,1998,2000,fall,492,492,0,79.36178862,10.36891815,60,102,303,299,
PIT,UGR,2000,2002,fall,344,344,0,78.30523256,6.290571079,62,115,302,299,
PIT,UGR,2001,2003,fall,583,583,0,81.25385935,5.448356229,67,98,284,299,
PIT,UGR,2002,2004,fall,179,179,0,78.45251397,4.430706419,68,90,290,299,
PIT,UGR,2003,2005,fall,368,368,0,82.54619565,6.755200777,62,110,303,299,
PIT,UGR,2004,2006,fall,519,519,0,70.26396917,8.069538057,53,93,307,299,
PIT,UGR,2005,2007,fall,533,533,0,72.16885553,6.033864801,56,94,291,299,
PIT,UGR,2006,2008,fall,159,159,0,74.12578616,6.252839495,58,91,294,299,
PIT,UGR,2007,2009,fall,4,4,0,96,7.874007874,85,103,306.5,299,
PIT,UGR,2008,2010,fall,486,486,0,77.32716049,7.605340159,56,100,288,299,
PIT,UGR,2009,2011,fall,498,498,0,83.23092369,7.549493804,55,107,303,299,
PIT,UGR,2010,2012,fall,606,606,0,71.97689769,8.095062934,51,100,284,299,
PIT,UGR,2011,2013,fall,644,644,0,75.59006211,7.091906806,56,102,281,299,
PIT,UGR,2012,2014,fall,636,636,0,70.5408805,7.574713124,55,94,274,299,
PIT,UGR,2013,2015,fall,687,687,0,74.48326055,5.599036451,57,97,289,299,
PIT,UGR,2014,2016,fall,699,699,0,71.48211731,5.994329516,55,89,289,299,
PIT,UGR,2015,2017,fall,701,701,0,71.63052782,7.225481369,55,93,289,299,
PIT,UGR,2016,2018,fall,1078,700,0,72.82003711,8.360443583,51,98,288,299,
PIT,UGR,2017,2019,fall,638,628,0,72.46551724,8.203719088,55,112,289,299,
PIT,UGR,2018,2020,fall,892,700,0,75.05717489,9.155232175,53,102,288,299,
PIT,UGR,2019,2021,fall,24,23,0,87.875,7.963571954,67,103,306,299,
PIT,UGR,2020,2022,fall,599,588,0,77.38397329,6.890166293,56,98,302,299,
PIT,UGR,1992,1994,spring,573,573,0,83.06457243,9.282155489,60,109,90,299,
PIT,UGR,1993,1995,spring,368,368,0,90.18206522,9.022648105,63,112,114,257,"During mig_year 1995, the UGR trap was located at RKM 257 (just upstream of La Grande), 42 rkm below its standard location at RKM 299."
PIT,UGR,1994,1996,spring,327,327,0,89.95718654,9.94700692,72,118,75,299,
PIT,UGR,1995,1997,spring,1,1,0,95,NA,95,95,77,299,
PIT,UGR,1996,1998,spring,513,513,0,89.09356725,10.77717394,65,118,79,299,
PIT,UGR,1997,1999,spring,535,535,0,90.75700935,10.87797583,62,120,79,299,
PIT,UGR,1998,2000,spring,493,493,0,89.26572008,8.896901656,64,111,81,299,
PIT,UGR,1999,2001,spring,6,6,0,108.6666667,5.750362307,100,115,96,299,
PIT,UGR,2000,2002,spring,538,538,0,84.7063197,7.746880013,65,119,96.5,299,
PIT,UGR,2001,2003,spring,570,570,0,86.33859649,6.083434373,64,109,75,299,
PIT,UGR,2002,2004,spring,525,525,0,83.6247619,7.124717497,63,103,83,299,
PIT,UGR,2003,2005,spring,615,615,0,88.47479675,7.768155088,70,124,96,299,
PIT,UGR,2004,2006,spring,505,505,0,79.24356436,8.125386631,59,110,89,299,
PIT,UGR,2005,2007,spring,501,501,0,85.52694611,9.213998722,64,130,74,299,
PIT,UGR,2006,2008,spring,510,510,0,81.8627451,6.226313411,65,109,86,299,
PIT,UGR,2007,2009,spring,10,10,0,100.4,15.05692901,82,135,92.5,299,
PIT,UGR,2008,2010,spring,503,503,0,84.87673956,8.678906729,58,108,95,299,
PIT,UGR,2009,2011,spring,670,670,0,84.96865672,8.62682071,63,110,93,299,
PIT,UGR,2010,2012,spring,632,632,0,82.23575949,8.081387886,62,107,81,299,
PIT,UGR,2011,2013,spring,787,787,0,84.91105464,8.18238145,57,106,90,299,
PIT,UGR,2012,2014,spring,805,805,0,81.3068323,8.863476151,57,106,78,299,
PIT,UGR,2013,2015,spring,802,802,0,85.32294264,7.783859052,65,109,80,299,
PIT,UGR,2014,2016,spring,600,600,0,78.125,7.051163486,58,95,75,299,
PIT,UGR,2015,2017,spring,767,767,0,81.21121252,8.390734008,59,107,88,299,
PIT,UGR,2016,2018,spring,1420,711,0,85.97605634,8.660098852,58,112,104,299,
PIT,UGR,2017,2019,spring,758,709,0,82.36675462,7.557620335,61,104,104,299,
PIT,UGR,2018,2020,spring,900,717,0,84.54555556,8.297789903,62,109,91,299,
PIT,UGR,2019,2021,spring,1288,700,0,94.04813665,6.920292982,75,119,101,299,
PIT,UGR,2020,2022,spring,1012,700,0,85.06521739,9.823149129,65,182,112,299,
all,UGR,1991,1993,summer,916,916,0,75.20524017,6.687841905,56,110,234,316.8209607,
PIT,UGR,1991,1993,summer,916,916,0,75.20524017,6.687841905,56,110,234,316.8209607,
all,UGR,1992,1994,summer,1359,1001,358,60.42016188,7.532408505,42,89,258,323.7593819,
PIT,UGR,1992,1994,summer,1001,1001,0,63.24475524,6.465217318,54,89,258,323.3156843,
all,UGR,1993,1995,summer,1714,998,716,63.39789965,7.853616687,51,107,258,320.5361727,
PIT,UGR,1993,1995,summer,998,998,0,67.30761523,7.83547997,57,107,258,320.1793587,
all,UGR,2006,2008,summer,1009,1000,9,65.35579782,6.762940901,48,87,240,322.3320119,
PIT,UGR,2006,2008,summer,1000,1000,0,65.454,6.688992946,53,87,240,322.336,
all,UGR,2008,2010,summer,817,735,82,59.19461444,4.8766722,47,75,224,321.2435741,
PIT,UGR,2008,2010,summer,735,735,0,59.92517007,4.447833314,52,75,224,321.6979592,
all,UGR,2009,2011,summer,1058,785,273,58.02362949,6.9073069,37,88,243,322.0255198,
PIT,UGR,2009,2011,summer,785,785,0,60.97324841,4.855624529,52,88,243,321.8955414,
all,UGR,2010,2012,summer,1412,987,425,60.42067989,8.80975058,40,93,256,318.6699717,
PIT,UGR,2010,2012,summer,987,987,0,64.53799392,7.168737433,54,93,256,317.4235056,
all,UGR,2011,2013,summer,1637,996,641,57.79535736,7.756157138,39,89,241,318.8478925,
PIT,UGR,2011,2013,summer,996,996,0,62.42871486,6.18410499,54,89,241,315.5421687,
all,UGR,2012,2014,summer,1418,1000,418,59.14245416,7.17053212,44,82,239,320.0155148,
PIT,UGR,2012,2014,summer,1000,1000,0,62.261,6.201559347,55,82,239,318.136,
all,UGR,2013,2015,summer,1037,1000,37,65.46673095,7.195162885,46,105,238,319.6316297,
PIT,UGR,2013,2015,summer,1000,1000,0,65.609,6.282323343,55,94,238,319.593,
all,UGR,2014,2016,summer,1172,997,175,60.3165529,5.88384281,39,84,237,321.4513652,
PIT,UGR,2014,2016,summer,997,997,0,61.63791374,5.248090766,55,84,237,321.2076229,
all,UGR,2015,2017,summer,1409,993,416,58.64088006,7.241584325,42,90,236,321.1554294,
PIT,UGR,2015,2017,summer,993,993,0,61.91339376,5.945192543,55,90,235,320.6918429,
all,UGR,2016,2018,summer,1064,929,135,63.04041353,7.89079165,44,102,236,318.4332707,
PIT,UGR,2016,2018,summer,929,929,0,64.69214209,7.013837358,55,102,235,317.6986006,
all,UGR,2017,2019,summer,1066,999,67,62.71106942,5.556285565,47,80,242,322.1763602,
PIT,UGR,2017,2019,summer,999,999,0,63.38638639,5.052911902,55,80,242,322.2762763,
all,UGR,2018,2020,summer,1064,865,199,63.20864662,9.351084696,42,96,238,314.4783835,
PIT,UGR,2018,2020,summer,865,865,0,66.01965318,7.608677573,55,96,238,313.1514451,
all,UGR,2019,2021,summer,438,437,1,76.99543379,6.68684813,48,98,238,304.0479452,
PIT,UGR,2019,2021,summer,437,437,0,77.0617849,6.548571489,61,98,238,304.0457666,
all,UGR,2020,2022,summer,1001,980,21,64.93206793,4.742507841,48,96,242,321.5964036,
PIT,UGR,2020,2022,summer,980,980,0,65.10714286,4.55426368,55,96,242,321.6377551,
all,UGR,1992,1994,winter,505,505,0,67.85148515,6.883074102,53,86,313,323.0138614,
PIT,UGR,1992,1994,winter,505,505,0,67.85148515,6.883074102,53,86,313,323.0138614,
all,UGR,1993,1995,winter,433,433,0,71.29099307,7.670490422,60,108,325,320,
PIT,UGR,1993,1995,winter,433,433,0,71.29099307,7.670490422,60,108,325,320,
all,UGR,1996,1998,winter,124,124,0,70.95967742,5.778287356,57,82,353,321.9677419,
PIT,UGR,1996,1998,winter,124,124,0,70.95967742,5.778287356,57,82,353,321.9677419,
all,UGR,1997,1999,winter,419,419,0,70.71599045,7.592051192,57,92,348,321.5107399,
PIT,UGR,1997,1999,winter,419,419,0,70.71599045,7.592051192,57,92,348,321.5107399,
all,UGR,1998,2000,winter,500,500,0,74.148,7.878212263,57,99,347,323.796,
PIT,UGR,1998,2000,winter,500,500,0,74.148,7.878212263,57,99,347,323.796,
all,UGR,2002,2004,winter,299,299,0,75.98327759,6.59797518,60,95,338,318.6622074,
PIT,UGR,2002,2004,winter,299,299,0,75.98327759,6.59797518,60,95,338,318.6622074,
all,UGR,2003,2005,winter,448,448,0,78.88839286,5.935978279,62,94,348,318.4508929,
PIT,UGR,2003,2005,winter,448,448,0,78.88839286,5.935978279,62,94,348,318.4508929,
all,UGR,2004,2006,winter,463,463,0,65.64362851,7.61608555,51,90,335,320.0863931,
PIT,UGR,2004,2006,winter,463,463,0,65.64362851,7.61608555,51,90,335,320.0863931,
all,UGR,2005,2007,winter,482,482,0,75.68257261,8.314308185,56,103,339,313.9834025,
PIT,UGR,2005,2007,winter,482,482,0,75.68257261,8.314308185,56,103,339,313.9834025,
all,UGR,2006,2008,winter,83,83,0,75.86746988,5.722806501,60,87,331,321.3614458,
PIT,UGR,2006,2008,winter,83,83,0,75.86746988,5.722806501,60,87,331,321.3614458,
all,UGR,2008,2010,winter,498,498,0,69.80923695,6.562020704,54,90,335,318.7710843,
PIT,UGR,2008,2010,winter,498,498,0,69.80923695,6.562020704,54,90,335,318.7710843,
all,UGR,2009,2011,winter,431,431,0,71.9512761,7.003981724,55,98,347,322.3712297,
PIT,UGR,2009,2011,winter,431,431,0,71.9512761,7.003981724,55,98,347,322.3712297,
all,UGR,2010,2012,winter,258,258,0,69.25581395,8.731426375,54,99,340,320.5,
PIT,UGR,2010,2012,winter,258,258,0,69.25581395,8.731426375,54,99,340,320.5,
all,UGR,2011,2013,winter,576,576,0,71.34895833,9.898867689,55,110,340,319.0590278,
PIT,UGR,2011,2013,winter,576,576,0,71.34895833,9.898867689,55,110,340,319.0590278,
all,UGR,2012,2014,winter,125,125,0,66.184,8.14226726,55,90,337,319.456,
PIT,UGR,2012,2014,winter,125,125,0,66.184,8.14226726,55,90,337,319.456,
all,UGR,2013,2015,winter,600,600,0,72.51,7.052384482,56,102,338,323.045,
PIT,UGR,2013,2015,winter,600,600,0,72.51,7.052384482,56,102,338,323.045,
all,UGR,2014,2016,winter,331,331,0,70.85498489,7.385702666,56,95,348,321.2719033,
PIT,UGR,2014,2016,winter,331,331,0,70.85498489,7.385702666,56,95,348,321.2719033,
all,UGR,2015,2017,winter,597,597,0,67.64656616,7.190414184,55,92,334,322.8241206,
PIT,UGR,2015,2017,winter,597,597,0,67.64656616,7.190414184,55,92,334,322.8241206,
all,UGR,2016,2018,winter,599,599,0,71.67278798,9.080452971,55,99,332,318.8898164,
PIT,UGR,2016,2018,winter,599,599,0,71.67278798,9.080452971,55,99,332,318.8898164,
all,UGR,2017,2019,winter,600,600,0,70.015,6.569376138,55,97,332,322.0433333,
PIT,UGR,2017,2019,winter,600,600,0,70.015,6.569376138,55,97,332,322.0433333,
all,UGR,2018,2020,winter,97,93,4,70.82474227,10.32493978,54,100,338,321.0103093,
PIT,UGR,2018,2020,winter,93,93,0,71.5483871,9.919804663,55,100,338,320.9677419,
all,UGR,2019,2021,winter,96,96,0,93.9375,7.06632116,75,117,324,303.8958333,
PIT,UGR,2019,2021,winter,96,96,0,93.9375,7.06632116,75,117,324,303.8958333,
all,UGR,2020,2022,winter,599,599,0,74.34557596,7.45414811,56,111,335,318.8163606,
PIT,UGR,2020,2022,winter,599,599,0,74.34557596,7.45414811,56,111,335,318.8163606,
