"fish_subset","population","brood_year","mig_year","season","n_length","n_pit","n_npt","len_mean","len_sd","len_min","len_max","jday_med","rkm_mean","notes"
"all","CAT",1993,1995,"fall",679,501,178,78.5832106038292,7.75995398452924,60,106,304,32,""
"all","CAT",1994,1996,"fall",719,511,208,89.4867872044506,6.69860756312374,66,116,296,32,""
"all","CAT",1995,1997,"fall",401,401,0,NA,NA,70,109,316,32,"NPT length data are missing; PIT data only."
"all","CAT",1996,1998,"fall",984,583,401,87.9044715447154,6.85283616503303,52,109,295,32,""
"all","CAT",1997,1999,"fall",1184,656,528,83.2246621621622,7.87079946686238,59,110,299,32,""
"all","CAT",1998,2000,"fall",1348,677,671,84.9836795252226,8.51705311281254,58,112,301,32,""
"all","CAT",1999,2001,"fall",1066,510,556,81.6941838649156,7.99297249671848,57,112,286.5,32,""
"all","CAT",2000,2002,"fall",780,514,266,80.7,7.92696119175302,58,124,283,32,""
"all","CAT",2001,2003,"fall",1065,849,216,79.4103286384976,7.60698669661132,46,103,287,32,""
"all","CAT",2002,2004,"fall",1189,522,667,72.0344827586207,8.16937628759773,45,119,287,32,""
"all","CAT",2003,2005,"fall",972,544,428,75.6985596707819,8.70814562286488,53,97,279,32,""
"all","CAT",2004,2006,"fall",650,500,150,79.7061538461539,8.72706109488175,56,117,285,32,""
"all","CAT",2005,2007,"fall",550,500,50,83.9490909090909,8.55844309265575,61,129,285,32,""
"all","CAT",2006,2008,"fall",559,499,60,78.5491949910555,8.22362157809805,57,103,292,32,""
"all","CAT",2007,2009,"fall",576,500,76,86.5607638888889,7.4338676531819,63,108,291,32,""
"all","CAT",2008,2010,"fall",1096,820,276,77.6870437956204,8.75843525681682,48,157,291,32,""
"all","CAT",2009,2011,"fall",1012,499,513,82.0415019762846,7.00107783965512,51,102,304,32,""
"all","CAT",2010,2012,"fall",1490,1151,339,79.6409395973154,8.13745672413986,57,108,298,32,""
"all","CAT",2011,2013,"fall",1788,1150,638,75.2354586129754,8.03482459204449,47,95,295,32,""
"all","CAT",2012,2014,"fall",1386,920,466,74.987012987013,9.40626437833138,49,124,289,32,""
"all","CAT",2013,2015,"fall",1178,703,475,75.3098471986418,8.49428343791375,54,102,289,32,""
"all","CAT",2014,2016,"fall",1098,699,399,72.6020036429873,8.13620803095948,49,104,288,32,""
"all","CAT",2015,2017,"fall",913,700,213,75.2343921139102,9.35893887885712,54,111,292,32,""
"all","CAT",2016,2018,"fall",1005,702,303,75.2606965174129,7.43589452606924,55,99,286,32,""
"all","CAT",2017,2019,"fall",710,700,10,83.6521126760563,8.17035404582401,60,105,302.5,32,""
"all","CAT",2018,2020,"fall",798,721,77,81.5187969924812,7.60136173208944,58,110,292,32,""
"all","CAT",2019,2021,"fall",1025,700,325,77.9482926829268,8.12513578685784,55,111,296,32,""
"all","CAT",2020,2022,"fall",1312,700,612,74.202743902439,8.27760481732402,54,103,286.5,32,""
"all","LOS",1995,1997,"fall",676,519,157,100.097633136095,9.09061838038558,78,128,327,3,""
"all","LOS",1996,1998,"fall",1323,498,825,96.9561602418745,8.14605040103356,61,123,305,3,""
"all","LOS",1997,1999,"fall",1355,501,854,94.8671586715867,9.88628432951839,47,141,305,3,""
"all","LOS",1998,2000,"fall",1158,514,644,96.0431778929188,10.3030083088417,63,127,306,3,""
"all","LOS",1999,2001,"fall",1129,499,630,95.2125775022143,8.18822137742807,67,134,291,3,""
"all","LOS",2000,2002,"fall",859,494,365,93.5739231664726,10.2663852706568,65,119,303,3,""
"all","LOS",2001,2003,"fall",1512,854,658,90.3187830687831,8.87788865978228,60,150,290,3,""
"all","LOS",2003,2005,"fall",1007,500,507,87.5779543197617,11.5698084590551,54,117,299,3,""
"all","LOS",2004,2006,"fall",907,495,412,86.2910694597574,10.3454225549052,59,120,303,3,""
"all","LOS",2005,2007,"fall",1121,499,622,83.721677074041,10.3353227214413,54,126,296,3,""
"all","LOS",2006,2008,"fall",499,499,0,91.3827655310621,8.86782594071362,62,132,296,3,""
"all","LOS",2007,2009,"fall",1036,500,536,84.1110038610039,10.4839529807416,53,120,297,3,""
"all","LOS",2008,2010,"fall",1477,1100,377,83.3222748815166,11.2768979004743,51,123,294,3,""
"all","LOS",2009,2011,"fall",1462,1079,383,87.6655266757866,8.77529364789285,58,121,305,3,""
"all","LOS",2010,2012,"fall",1900,1798,102,72.7594736842105,10.3721454125979,44,113,290,3,""
"all","LOS",2011,2013,"fall",2124,1160,964,80.225988700565,10.8998680979139,45,148,289,3,""
"all","LOS",2012,2014,"fall",1539,1181,358,82.9876543209877,9.93669053943652,51,125,288,3,""
"all","LOS",2013,2015,"fall",1394,1092,302,92.5796269727403,8.49067988698823,64,124,295,3,""
"all","LOS",2014,2016,"fall",1430,1183,247,85.3160839160839,10.1875048698054,53,127,291,3,""
"all","LOS",2015,2017,"fall",1065,919,146,90.2460093896714,9.65940392333021,58,126,284,3,""
"all","LOS",2016,2018,"fall",1689,1200,489,84.6654825340438,9.20584753994725,49,125,287,3,""
"all","LOS",2017,2019,"fall",1274,1175,99,88.894819466248,7.66153130305427,65,116,305,3,""
"all","LOS",2018,2020,"fall",1290,1200,90,84.3573643410853,8.53661192990882,56,125,304,3,""
"all","LOS",2019,2021,"fall",1357,1210,147,92.1260132645542,7.55449482973993,66,124,293,3,""
"all","LOS",2020,2022,"fall",1093,1085,8,87.416285452882,8.63810400309344,65,129,286,3,""
"all","MIN",1999,2001,"fall",514,297,217,85.4455252918288,9.27813404521391,57,115,297,0,""
"all","MIN",2000,2002,"fall",891,534,357,74.5622895622896,8.49291131574933,55,105,297,0,""
"all","MIN",2001,2003,"fall",937,849,88,78.923159018143,8.05406858545254,64,116,298,0,""
"all","MIN",2002,2004,"fall",766,500,266,72.7297650130548,7.85914074680192,54,102,303,0,""
"all","MIN",2003,2005,"fall",873,498,375,77.9599083619702,9.78176997505073,55,122,299,0,""
"all","MIN",2004,2006,"fall",903,499,404,78.4894795127353,10.2387058568143,50,118,296,0,""
"all","MIN",2005,2007,"fall",770,500,270,77.2701298701299,9.91641353818784,50,114,297,0,""
"all","MIN",2006,2008,"fall",501,500,1,80.3393213572854,8.65497722345489,56,103,289,0,""
"all","MIN",2007,2009,"fall",863,500,363,81.098493626883,8.92938448276076,58,115,301,0,""
"all","MIN",2008,2010,"fall",1239,945,294,74.6666666666667,8.18867442258748,51,104,288,0,""
"all","MIN",2009,2011,"fall",1072,932,140,81.0503731343284,8.2687852988306,52,120,304,0,""
"all","MIN",2010,2012,"fall",1463,1298,165,75.8106630211893,8.5610607033951,49,112,291,0,""
"all","MIN",2011,2013,"fall",2201,1205,996,73.6756019990913,9.85758544627508,43,118,292,0,""
"all","MIN",2012,2014,"fall",1326,1084,242,77.7254901960784,10.0906113071498,49,124,290,0,""
"all","MIN",2013,2015,"fall",1179,1093,86,80.0568278201866,8.85447296323991,48,125,295,0,""
"all","MIN",2014,2016,"fall",1509,1089,420,77.4353876739563,10.4124794508543,48,118,292,0,""
"all","MIN",2015,2017,"fall",1265,899,366,80.3802371541502,10.1149291972427,50,120,290,0,""
"all","MIN",2016,2018,"fall",1454,1100,354,77.9057771664374,8.17159784475526,50,108,289,0,""
"all","MIN",2017,2019,"fall",1197,1100,97,83.1954887218045,9.27191680127762,58,110,289,0,""
"all","MIN",2018,2020,"fall",1256,1148,108,81.2396496815287,8.74885834081324,54,118,295,0,""
"all","MIN",2019,2021,"fall",1194,1100,94,84.6398659966499,8.52348180878233,59,117,291,0,""
"all","MIN",2020,2022,"fall",1222,1099,123,80.0490998363339,9.17984180166184,51,111,299,0,""
"all","UGR",1992,1994,"fall",1450,402,1048,76.0503448275862,11.0836372668857,43,115,285,299,""
"all","UGR",1993,1995,"fall",1456,424,1032,77.7637362637363,11.9503763553361,51,143,284,257,"During mig_year 1995 the UGR trap was located at RKM 257 (just upstream of La Grande); 42 rkm below its standard location at RKM 299."
"all","UGR",1994,1996,"fall",9,4,5,NA,NA,80,102,279,299,"Short trap season; sample size insufficient to estimate population mean length."
"all","UGR",1995,1997,"fall",27,27,0,NA,NA,83,104,319,299,"Short trap season; sample size insufficient to estimate population mean length."
"all","UGR",1996,1998,"fall",650,592,58,81.9353846153846,11.0667735295412,59,115,303,299,""
"all","UGR",1997,1999,"fall",684,499,185,83.3786549707602,13.0587661700372,55,117,312,299,""
"all","UGR",1998,2000,"fall",754,492,262,80.5159151193634,10.6901494304512,56,117,303,299,""
"all","UGR",1999,2001,"fall",1,0,1,NA,NA,96,96,278,299,"Short trap season; sample size insufficient to estimate population mean length."
"all","UGR",2000,2002,"fall",345,344,1,78.2695652173913,6.31626049278686,62,115,302,299,""
"all","UGR",2001,2003,"fall",586,583,3,81.2627986348123,5.44239907667658,67,98,284,299,""
"all","UGR",2002,2004,"fall",184,179,5,78.5217391304348,5.12142880693185,67,111,290,299,""
"all","UGR",2003,2005,"fall",403,368,35,81.9454094292804,6.99872038898501,56,110,303,299,""
"all","UGR",2004,2006,"fall",587,519,68,69.4139693356048,8.43165713648969,50,93,307,299,""
"all","UGR",2005,2007,"fall",698,533,165,73.3094555873925,6.43198133713611,56,97,296,299,""
"all","UGR",2006,2008,"fall",159,159,0,74.125786163522,6.25283949509764,58,91,294,299,""
"all","UGR",2007,2009,"fall",4,4,0,NA,NA,85,103,306.5,299,"Short trap season; sample size insufficient to estimate population mean length."
"all","UGR",2008,2010,"fall",553,486,67,77.7160940325497,7.86553972404705,56,100,290,299,""
"all","UGR",2009,2011,"fall",888,498,390,82.079954954955,7.60046008206566,55,107,300,299,""
"all","UGR",2010,2012,"fall",899,606,293,70.6362625139043,8.817757559405,45,102,285,299,""
"all","UGR",2011,2013,"fall",1214,644,570,75.5963756177924,7.38641519782252,53,102,297,299,""
"all","UGR",2012,2014,"fall",1337,636,701,70.8145100972326,8.24403243180254,51,101,289,299,""
"all","UGR",2013,2015,"fall",844,679,165,74.739336492891,5.57219989401674,57,97,292,299,""
"all","UGR",2014,2016,"fall",899,699,200,71.3437152391546,5.96563954861031,53,89,292,299,""
"all","UGR",2015,2017,"fall",920,701,219,71.5054347826087,7.2948155473266,51,93,292,299,""
"all","UGR",2016,2018,"fall",1078,700,378,72.8200371057514,8.36044358257472,51,98,288,299,""
"all","UGR",2017,2019,"fall",638,628,10,72.4655172413793,8.20371908800506,55,112,289,299,""
"all","UGR",2018,2020,"fall",892,700,192,75.0571748878924,9.15523217536662,53,102,288,299,""
"all","UGR",2019,2021,"fall",24,23,1,NA,NA,67,103,306,299,"Short trap season; sample size insufficient to estimate population mean length."
"all","UGR",2020,2022,"fall",599,588,11,77.3839732888147,6.89016629294503,56,98,302,299,""
"all","CAT",1993,1995,"spring",717,348,369,88.8396094839609,7.78235318373142,63,118,83,32,""
"all","CAT",1994,1996,"spring",353,277,76,96.0651558073654,6.44899160026699,77,125,71,32,""
"all","CAT",1995,1997,"spring",81,81,0,NA,NA,75,109,78,32,"NPT length data are missing; PIT data only."
"all","CAT",1996,1998,"spring",538,453,85,93.2081784386617,7.50601050467021,67,120,78,32,""
"all","CAT",1997,1999,"spring",692,502,190,92.7543352601156,6.71243494679348,73,118,80,32,""
"all","CAT",1998,2000,"spring",598,431,167,90.6872909698997,8.01741440162531,68,126,81,32,""
"all","CAT",1999,2001,"spring",383,326,57,88.0313315926893,7.84530139519072,69,140,79,32,""
"all","CAT",2000,2002,"spring",254,214,40,90.2165354330709,8.69671023876272,69,139,89.5,32,""
"all","CAT",2001,2003,"spring",665,485,180,89.7187969924812,8.90211283956931,65,118,91,32,""
"all","CAT",2002,2004,"spring",916,524,392,84.9639737991266,7.91635307762267,62,119,91.5,32,""
"all","CAT",2003,2005,"spring",494,409,85,86.8623481781377,8.35721739021604,61,117,87,32,""
"all","CAT",2004,2006,"spring",360,360,0,88.5805555555555,8.07893920904367,67,127,89,32,""
"all","CAT",2005,2007,"spring",364,363,1,91.6895604395604,9.79822892998429,70,141,93,32,""
"all","CAT",2006,2008,"spring",619,447,172,86.437802907916,7.24159544231025,63,114,92,32,""
"all","CAT",2007,2009,"spring",600,491,109,90.965,7.33007446433899,69,132,83.5,32,""
"all","CAT",2008,2010,"spring",749,569,180,89.6555407209613,7.7957833030105,66,122,91,32,""
"all","CAT",2009,2011,"spring",622,423,199,88.0144694533762,8.60128344680244,56,120,85,32,""
"all","CAT",2010,2012,"spring",1092,1009,83,83.0824175824176,7.81726346505671,59,109,83,32,""
"all","CAT",2011,2013,"spring",939,825,114,80.4781682641107,6.99118409594122,54,99,77,32,""
"all","CAT",2012,2014,"spring",847,764,83,84.702479338843,7.79305510012622,61,120,69,32,""
"all","CAT",2013,2015,"spring",215,213,2,86.5860465116279,9.9668042806067,56,121,88,32,""
"all","CAT",2014,2016,"spring",464,462,2,82.5409482758621,7.18578239618116,60,103,71,32,""
"all","CAT",2015,2017,"spring",657,617,40,88.0213089802131,8.02603439825719,63,118,103,32,""
"all","CAT",2016,2018,"spring",837,696,141,87.4074074074074,7.43553427435209,64,115,82,32,""
"all","CAT",2017,2019,"spring",567,565,2,89.1746031746032,7.05802731798364,70,117,82,32,""
"all","CAT",2018,2020,"spring",326,322,4,91.8159509202454,7.73104770593417,71,117,66,32,""
"all","CAT",2019,2021,"spring",738,585,153,88.1436314363144,7.62438912006773,60,121,93,32,""
"all","CAT",2020,2022,"spring",1021,700,321,89.4074436826641,7.92801581313666,65,137,89,32,""
"all","LOS",1995,1997,"spring",763,482,281,102.302752293578,12.0781067103366,79,141,94,3,""
"all","LOS",1996,1998,"spring",933,483,450,106.89281886388,13.4673855713359,70,148,90,3,""
"all","LOS",1997,1999,"spring",1343,600,743,95.3149664929263,11.0211072784651,64,152,104,3,""
"all","LOS",1998,2000,"spring",978,354,624,94.6359918200409,10.79758934239,63,158,98,3,""
"all","LOS",1999,2001,"spring",636,442,194,100.864779874214,12.1786162841736,73,148,106,3,""
"all","LOS",2000,2002,"spring",643,404,239,93.1321928460342,10.6680122502204,67,126,95,3,""
"all","LOS",2001,2003,"spring",1187,480,707,90.1457455770851,9.89266962569117,63,130,96,3,""
"all","LOS",2002,2004,"spring",564,500,64,88.5230496453901,11.391054758721,64,152,115,3,"Non-standard trap season; trap operated only during second half of spring (April 19 - June 18)."
"all","LOS",2003,2005,"spring",680,464,216,92.3455882352941,10.9972407012306,68,128,88,3,""
"all","LOS",2004,2006,"spring",1062,517,545,88.774011299435,9.77734029932513,63,137,92,3,""
"all","LOS",2005,2007,"spring",514,505,9,92.4727626459144,10.3464469400241,70,132,96,3,""
"all","LOS",2006,2008,"spring",836,498,338,94.6626794258373,9.25829458811625,67,140,109,3,""
"all","LOS",2007,2009,"spring",1118,593,525,91.9919499105546,11.4791051291066,66,148,100,3,""
"all","LOS",2008,2010,"spring",1694,1061,633,90.8931523022432,9.00651665913025,60,139,93,3,""
"all","LOS",2009,2011,"spring",1885,1672,213,90.7347480106101,8.52750557800218,64,137,99,3,""
"all","LOS",2010,2012,"spring",1811,1761,50,84.3423522915516,9.12260690118851,53,136,101,3,""
"all","LOS",2011,2013,"spring",1416,1223,193,91.6313559322034,10.1339288700826,64,143,96,3,""
"all","LOS",2012,2014,"spring",1427,1141,286,91.2319551506657,9.28043013452815,68,131,99,3,""
"all","LOS",2013,2015,"spring",705,649,56,95.4992907801418,10.2579133564342,54,133,102,3,""
"all","LOS",2014,2016,"spring",1121,826,295,90.636039250669,8.54418682989624,53,135,91,3,""
"all","LOS",2015,2017,"spring",693,595,98,90.4357864357864,9.72931275727587,58,132,84,3,""
"all","LOS",2016,2018,"spring",895,815,80,90.6469273743017,9.66186888480011,66,147,97,3,""
"all","LOS",2017,2019,"spring",529,525,4,90.4045368620038,10.0951373224795,65,130,99,3,""
"all","LOS",2018,2020,"spring",945,832,113,90.6952380952381,10.0482010243459,65,136,100,3,""
"all","LOS",2019,2021,"spring",571,569,2,89.8371278458844,9.60298317041877,62,118,109,3,""
"all","LOS",2020,2022,"spring",1047,989,58,88.8987583572111,8.25543846389929,61,120,115,3,""
"all","MIN",1999,2001,"spring",1104,539,565,90.0615942028985,8.05195119436579,62,148,88.5,0,""
"all","MIN",2000,2002,"spring",901,382,519,84.9511653718091,8.26208550995043,63,131,97,0,""
"all","MIN",2001,2003,"spring",1109,510,599,87.2777276825969,10.7115301027623,63,150,98,0,""
"all","MIN",2002,2004,"spring",604,412,192,84.1307947019868,8.53503823322963,63,124,99,0,""
"all","MIN",2003,2005,"spring",677,373,304,84.8197932053176,7.94936032287954,54,131,88,0,""
"all","MIN",2004,2006,"spring",732,401,331,84.8606557377049,7.41590213623268,65,121,93,0,""
"all","MIN",2005,2007,"spring",233,216,17,91.2832618025751,9.08231151294828,68,155,85,0,""
"all","MIN",2006,2008,"spring",1034,496,538,89.1914893617021,7.56860107757212,63,149,92,0,""
"all","MIN",2007,2009,"spring",740,415,325,88.0608108108108,7.97715475520666,68,143,88,0,""
"all","MIN",2008,2010,"spring",1383,1059,324,88.2472885032538,8.12971125045886,65,130,90,0,""
"all","MIN",2009,2011,"spring",1724,1089,635,88.9506960556845,8.44155796343935,65,149,111,1.12064965197216,"Some fish were captured at a trap located 3 rkm upstream (RKM 3) of the standard site at RKM 0."
"all","MIN",2010,2012,"spring",1168,1018,150,84.2405821917808,7.80566206310861,64,117,90,0.616438356164384,"Some fish were captured at a trap located 3 rkm upstream (RKM 3) of the standard site at RKM 0."
"all","MIN",2011,2013,"spring",871,761,110,88.0252583237658,8.91334040334126,60,134,94,0,""
"all","MIN",2012,2014,"spring",1488,1103,385,86.2170698924731,10.1790588475231,60,156,93,0,""
"all","MIN",2013,2015,"spring",1123,958,165,90.8317008014248,9.14681165783921,62,151,91,0,""
"all","MIN",2014,2016,"spring",859,746,113,85.2281722933644,8.7705322358386,63,132,86,0,""
"all","MIN",2015,2017,"spring",541,530,11,84.4251386321627,8.96683375666318,56,142,87,0,""
"all","MIN",2016,2018,"spring",755,730,25,88.9523178807947,8.74273350746993,65,138,92,0,""
"all","MIN",2017,2019,"spring",765,755,10,86.2732026143791,7.73158178359596,62,133,90,0,""
"all","MIN",2018,2020,"spring",917,896,21,87.4154852780807,7.39753146223604,66,126,93,0,""
"all","MIN",2019,2021,"spring",736,735,1,86.8328804347826,7.36626289041592,65,120,96,0,""
"all","MIN",2020,2022,"spring",791,789,2,85.1049304677623,7.27943964069357,57,134,114,0,""
"all","UGR",1992,1994,"spring",2611,573,2038,83.6307927996936,9.57175130724273,57,120,97,299,""
"all","UGR",1993,1995,"spring",368,368,0,90.1820652173913,9.02264810515863,63,112,114,257,"During mig_year 1995 the UGR trap was located at RKM 257 (just upstream of La Grande); 42 rkm below its standard location at RKM 299."
"all","UGR",1994,1996,"spring",327,327,0,89.9571865443425,9.94700691974292,72,118,75,299,""
"all","UGR",1995,1997,"spring",1,1,0,NA,NA,95,95,77,299,"Short trap season; sample size insufficient to estimate population mean length."
"all","UGR",1996,1998,"spring",896,513,383,86.6484375,10.7897249804446,63,118,84,299,""
"all","UGR",1997,1999,"spring",988,535,453,88.4078947368421,10.4922714076527,62,120,91.5,299,""
"all","UGR",1998,2000,"spring",1091,493,598,88.4078826764436,9.3274524388531,64,122,84,299,""
"all","UGR",1999,2001,"spring",7,6,1,NA,NA,100,115,107,299,"Short trap season; sample size insufficient to estimate population mean length."
"all","UGR",2000,2002,"spring",566,538,28,84.8339222614841,8.12451645314882,60,119,99,299,""
"all","UGR",2001,2003,"spring",607,570,37,86.5683690280066,6.38750232480601,64,110,75,299,""
"all","UGR",2002,2004,"spring",656,525,131,84.0701219512195,7.45948593180419,63,111,86,299,""
"all","UGR",2003,2005,"spring",686,615,71,88.8527696793003,7.74974732223921,70,124,102,299,""
"all","UGR",2004,2006,"spring",719,505,214,79.9123783031989,8.28340958901354,59,112,90,299,""
"all","UGR",2005,2007,"spring",659,501,158,86.5827010622155,9.82338277927362,64,130,88,299,""
"all","UGR",2006,2008,"spring",716,510,206,82.4036312849162,6.61787688670885,64,112,92,299,""
"all","UGR",2007,2009,"spring",10,10,0,NA,NA,82,135,92.5,299,"Short trap season; sample size insufficient to estimate population mean length."
"all","UGR",2008,2010,"spring",1160,503,657,84.4827586206897,9.1478911780077,55,114,98,299,""
"all","UGR",2009,2011,"spring",961,670,291,85.20395421436,8.98691322690397,56,115,90,299,""
"all","UGR",2010,2012,"spring",1305,632,673,84.2344827586207,8.77252789168115,60,113,108,299,""
"all","UGR",2011,2013,"spring",1686,787,899,84.6328588374852,8.81608119339585,55,112,101,299,""
"all","UGR",2012,2014,"spring",1300,805,495,82.0953846153846,8.80094527026862,57,106,100,299,""
"all","UGR",2013,2015,"spring",1540,802,738,87.1214285714286,8.94885811908818,61,112,98,299,""
"all","UGR",2014,2016,"spring",883,600,283,78.0758776896942,7.10481266696331,58,101,77,299,""
"all","UGR",2015,2017,"spring",1500,767,733,81.9413333333333,8.34987256210683,58,107,104,299,""
"all","UGR",2016,2018,"spring",1420,711,709,85.9760563380282,8.66009885233017,58,112,104,299,""
"all","UGR",2017,2019,"spring",758,709,49,82.3667546174142,7.55762033451571,61,104,104,299,""
"all","UGR",2018,2020,"spring",900,717,183,84.5455555555556,8.29778990250405,62,109,91,299,""
"all","UGR",2019,2021,"spring",1288,700,588,94.0481366459627,6.92029298192442,75,119,101,299,""
"all","UGR",2020,2022,"spring",1022,699,323,84.885518590998,8.89439652779656,65,123,112,299,""
"all","CAT",1991,1993,"summer",1093,1093,0,76.775846294602,6.91100428062588,57,104,232,43.6166514181153,""
"all","CAT",1992,1994,"summer",1024,999,25,80.3544921875,7.04491381707867,53,106,264,44.9267578125,""
"all","CAT",1993,1995,"summer",1090,1000,90,72.5238532110092,7.84432321024156,52,100,256,45.2284403669725,""
"all","CAT",1994,1996,"summer",561,496,65,82.301247771836,6.32936595878965,66,104,243,46.2121212121212,""
"all","CAT",1995,1997,"summer",609,584,25,84.4942528735632,7.2554686594902,60,109,241,44.4072249589491,""
"all","CAT",1996,1998,"summer",500,500,0,75.564,7.21095692676077,58,96,232,44.85,""
"all","CAT",1997,1999,"summer",504,501,3,72.8869047619048,7.53554249795107,51,115,218,44.5178571428571,""
"all","CAT",1998,2000,"summer",498,498,0,72.6325301204819,7.89617652069482,51,95,215,46.0341365461847,""
"all","CAT",1999,2001,"summer",496,496,0,72.5141129032258,6.60974200044749,52,94,221,44.8447580645161,""
"all","CAT",2000,2002,"summer",1281,501,780,68.2529274004684,5.94650971173481,52,93,213,43.1420765027322,""
"all","CAT",2001,2003,"summer",1330,503,827,67.1984962406015,7.6227648535424,43,94,212,43.0721804511278,""
"all","CAT",2002,2004,"summer",1312,467,845,62.6143292682927,7.96181057423192,43,87,210,42.1051829268293,""
"all","CAT",2003,2005,"summer",1977,494,1483,68.7966616084977,7.90871047643732,45,100,216,41.2058674759737,""
"all","CAT",2004,2006,"summer",2869,522,2347,65.6200766817707,7.4613808960251,42,99,209,44.9719414430115,""
"all","CAT",2005,2007,"summer",1252,502,750,63.5367412140575,6.88081183190979,40,99,207,43.8781948881789,""
"all","CAT",2006,2008,"summer",1083,1000,83,65.6583564173592,7.93629859404077,41,89,212,44.3019390581717,""
"all","CAT",2007,2009,"summer",1002,996,6,65.0698602794411,5.82298914457697,49,89,212,45.3932135728543,""
"all","CAT",2008,2010,"summer",1187,997,190,62.4330244313395,6.98368524229748,42,84,209,42.6301600673968,""
"all","CAT",2009,2011,"summer",1082,991,91,67.4898336414048,7.60254522902352,43,92,215,42.1367837338262,""
"all","CAT",2010,2012,"summer",1085,998,87,64.6728110599078,7.49740717335832,40,93,227,41.4820276497696,""
"all","CAT",2011,2013,"summer",600,427,173,59.5083333333333,7.96569840885218,39,87,213,40.2216666666667,""
"all","CAT",2012,2014,"summer",1214,998,216,61.0634266886326,7.21293814087243,43,85,205,42.5280065897858,""
"all","CAT",2013,2015,"summer",1139,998,141,62.4934152765584,6.95773713129508,39,88,210,44.3792800702371,""
"all","CAT",2014,2016,"summer",1093,997,96,64.288197621226,7.35856990538822,46,86,202,42.3979871912168,""
"all","CAT",2015,2017,"summer",1109,995,114,63.7926059513075,7.25902272917451,44,86,208,44.4670874661858,""
"all","CAT",2016,2018,"summer",985,896,89,63.4213197969543,7.26460907443293,44,95,206,44.8954314720812,""
"all","CAT",2017,2019,"summer",997,979,18,67.2998996990973,6.66234774685094,48,91,212,44.0180541624875,""
"all","CAT",2018,2020,"summer",1533,1436,97,65.6751467710372,7.78841540692961,47,93,210,39.0332681017613,""
"all","CAT",2019,2021,"summer",1122,1000,122,63.2023172905526,7.09870978558934,41,90,210,39.8057040998217,""
"all","CAT",2020,2022,"summer",1360,1159,201,63.0367647058824,6.54964410812712,45,85,211,43.6933823529412,""
"all","LOS",1991,1993,"summer",995,995,0,84.3959798994975,7.88039259455159,64,108,248,18.4824120603015,""
"all","LOS",1992,1994,"summer",776,722,54,72.9007731958763,8.97720119730424,53,104,230,18.3298969072165,""
"all","LOS",1993,1995,"summer",1225,1001,224,70.7518367346939,9.10444831158319,48,103,242,16.6220408163265,""
"all","LOS",1994,1996,"summer",1092,976,116,68.3836996336996,7.49275420557918,39,97,227,22.7884615384615,""
"all","LOS",1995,1997,"summer",528,527,1,76.4867424242424,8.6660483014538,55,105,228,18.4204545454545,""
"all","LOS",1997,1999,"summer",502,497,5,NA,NA,54,102,224,20.5398406374502,"Length data for undersize fish (NPT) are missing; PIT data only."
"all","LOS",1998,2000,"summer",509,509,0,NA,NA,52,99,222,16.3320235756385,"Length data for undersize fish (NPT) are missing; PIT data only."
"all","LOS",1999,2001,"summer",483,483,0,77.0186335403727,9.08498742261998,55,104,229,17.9316770186335,""
"all","LOS",2000,2002,"summer",520,501,19,72.4115384615385,11.9829624369509,47,103,220,13.8846153846154,""
"all","LOS",2001,2003,"summer",940,509,431,67.7085106382979,11.8655106433462,42,106,226,18.4691489361702,""
"all","LOS",2002,2004,"summer",1072,525,547,61.8236940298507,10.7633780206819,42,114,217,17.6660447761194,""
"all","LOS",2003,2005,"summer",1416,499,917,71.545197740113,11.5927693848511,47,109,224,15.3276836158192,""
"all","LOS",2004,2006,"summer",2454,736,1718,61.8565607171964,10.2253354202573,40,97,222,19.5097799511002,""
"all","LOS",2005,2007,"summer",2158,500,1658,66.8586654309546,11.1214455955859,35,102,220,13.8301668211307,""
"all","LOS",2006,2008,"summer",1005,1000,5,73.1651741293532,9.99165892643053,53,106,228,17.6328358208955,""
"all","LOS",2007,2009,"summer",1152,986,166,65.3133680555556,10.9247435194639,36,100,219,10.4574652777778,""
"all","LOS",2008,2010,"summer",1130,997,133,65.2637168141593,8.8538678796287,41,96,237,16.1548672566372,""
"all","LOS",2009,2011,"summer",1038,996,42,68.0578034682081,8.11611322721531,45,102,224,13.8959537572254,""
"all","LOS",2010,2012,"summer",1324,1000,324,60.5226586102719,8.61857931910688,39,89,250,16.9531722054381,""
"all","LOS",2011,2013,"summer",1711,999,712,58.072472238457,9.40135032737479,32,99,221,19.5914669783752,""
"all","LOS",2012,2014,"summer",923,800,123,62.6966413867822,8.99403632182136,44,99,216,21.4940411700975,""
"all","LOS",2013,2015,"summer",1033,998,35,67.9060987415295,8.79943904450691,49,107,217,21.5024201355276,""
"all","LOS",2014,2016,"summer",1150,997,153,64.764347826087,10.1557556023441,43,100,208,17.5260869565217,""
"all","LOS",2015,2017,"summer",861,727,134,62.8501742160279,8.36490957386365,45,90,214,17.6457607433217,""
"all","LOS",2016,2018,"summer",1010,912,98,67.6861386138614,10.418759570206,46,104,213,11.3168316831683,""
"all","LOS",2017,2019,"summer",1019,995,24,69.5417075564279,8.6642785288331,47,100,218,23.0647693817468,""
"all","LOS",2018,2020,"summer",1453,993,460,58.5079146593255,7.75659139327957,42,87,218,16.6242257398486,""
"all","LOS",2019,2021,"summer",1239,998,241,63.3712671509282,8.86477195612304,43,99,217,16.4600484261501,""
"all","LOS",2020,2022,"summer",1218,998,220,61.1937602627258,8.098523992749,40,94,215,21.5566502463054,""
"all","MIN",1991,1993,"summer",987,987,0,81.5025329280648,6.76156838057507,62,107,259,38.2887537993921,""
"all","MIN",1992,1994,"summer",1017,995,22,76.4051130776794,7.51239745773533,48,101,251,36.8652900688299,""
"all","MIN",1993,1995,"summer",1220,995,225,66.5352459016393,6.96230825220427,50,95,250,34.2229508196721,""
"all","MIN",1994,1996,"summer",1081,991,90,80.3487511563367,6.82679367381726,62,115,249,35.2747456059204,""
"all","MIN",1995,1997,"summer",629,589,40,91.5357710651828,7.24683602726763,68,114,257,29.6073131955485,""
"all","MIN",1996,1998,"summer",995,995,0,76.2201005025126,7.22634891920967,58,107,246,35.4201005025126,""
"all","MIN",1997,1999,"summer",1004,1003,1,74.4731075697211,7.29592914973198,54,105,231,35.5677290836653,""
"all","MIN",1998,2000,"summer",997,997,0,70.332998996991,6.89693520295603,54,103,228,37.3400200601805,""
"all","MIN",1999,2001,"summer",999,999,0,79.0840840840841,7.88678258963497,58,109,235,37.5005005005005,""
"all","MIN",2000,2002,"summer",1082,993,89,63.0101663585952,7.06156933616126,46,91,234,38.1053604436229,""
"all","MIN",2001,2003,"summer",1062,999,63,65.9209039548023,8.20182251028973,42,94,233,36.6676082862524,""
"all","MIN",2002,2004,"summer",1528,994,534,62.2244764397906,8.43985635145743,40,94,232,36.3920157068063,""
"all","MIN",2003,2005,"summer",1023,1002,21,67.1368523949169,7.63943066243143,49,112,237,37.4721407624633,""
"all","MIN",2004,2006,"summer",1062,1007,55,67.5828625235405,8.02377523299132,49,89,236,38.6167608286252,""
"all","MIN",2005,2007,"summer",1006,1000,6,71.8121272365805,8.17236528040273,48,99,242,38.9781312127237,""
"all","MIN",2006,2008,"summer",1011,1000,11,68.7497527200791,6.57370153863028,48,92,233,37.3728981206726,""
"all","MIN",2007,2009,"summer",1000,995,5,66.277,7.20931655881785,48,92,232,37.312,""
"all","MIN",2008,2010,"summer",1126,983,143,62.9991119005329,6.87132522310576,44,86,231,36.9307282415631,""
"all","MIN",2009,2011,"summer",1079,999,80,65.0537534754402,7.2940417330677,38,90,230,38.079703429101,""
"all","MIN",2010,2012,"summer",1109,998,111,64.2110009017132,7.57445746880594,44,90,242,37.107303877367,""
"all","MIN",2011,2013,"summer",1085,995,90,64.9410138248848,7.5159255815631,42,90,234,37.9188940092166,""
"all","MIN",2012,2014,"summer",1047,999,48,67.9312320916905,7.81263921241026,44,96,233,36.4068767908309,""
"all","MIN",2013,2015,"summer",1011,995,16,69.5608308605341,7.62934725300973,49,102,232,38.6824925816024,""
"all","MIN",2014,2016,"summer",1028,994,34,66.4426070038911,7.72076032734833,48,94,231,38.7859922178988,""
"all","MIN",2015,2017,"summer",1031,994,37,69.7313288069835,8.29788709095908,47,104,229,39.6420950533463,""
"all","MIN",2016,2018,"summer",958,919,39,65.2609603340292,6.94753889326653,44,93,226,37.0855949895616,""
"all","MIN",2017,2019,"summer",1004,998,6,69.6005976095618,6.81377699741653,48,96,234,37.6982071713147,""
"all","MIN",2018,2020,"summer",1054,991,63,65.0379506641366,7.72524886720433,45,90,233,36.331119544592,""
"all","MIN",2019,2021,"summer",1001,989,12,68.5814185814186,6.91791980190681,49,102,231,39.8291708291708,""
"all","MIN",2020,2022,"summer",1049,1000,49,69.3660629170639,7.24854761971488,49,95,238,38.1086749285033,""
"all","UGR",1991,1993,"summer",916,916,0,75.2052401746725,6.68784190461768,56,110,234,316.82096069869,""
"all","UGR",1992,1994,"summer",1359,1001,358,60.420161883738,7.53240850475222,42,89,258,323.759381898455,""
"all","UGR",1993,1995,"summer",1714,998,716,63.3978996499417,7.853616686633,51,107,258,320.536172695449,""
"all","UGR",2006,2008,"summer",1009,1000,9,65.3557978196234,6.76294090065477,48,87,240,322.332011892963,""
"all","UGR",2008,2010,"summer",817,735,82,59.1946144430845,4.876672199825,47,75,224,321.243574051408,""
"all","UGR",2009,2011,"summer",1058,785,273,58.023629489603,6.90730690007926,37,88,243,322.025519848771,""
"all","UGR",2010,2012,"summer",1412,987,425,60.4206798866856,8.80975057978578,40,93,256,318.669971671388,""
"all","UGR",2011,2013,"summer",1637,996,641,57.7953573610263,7.75615713757483,39,89,241,318.847892486255,""
"all","UGR",2012,2014,"summer",1418,1000,418,59.1424541607898,7.17053211985045,44,82,239,320.015514809591,""
"all","UGR",2013,2015,"summer",1037,1000,37,65.4667309546769,7.19516288462131,46,105,238,319.631629701061,""
"all","UGR",2014,2016,"summer",1172,997,175,60.3165529010239,5.88384280989438,39,84,237,321.451365187713,""
"all","UGR",2015,2017,"summer",1409,993,416,58.6408800567779,7.2415843254865,42,90,236,321.155429382541,""
"all","UGR",2016,2018,"summer",1064,929,135,63.0404135338346,7.89079165023377,44,102,236,318.433270676692,""
"all","UGR",2017,2019,"summer",1066,999,67,62.7110694183865,5.55628556481807,47,80,242,322.176360225141,""
"all","UGR",2018,2020,"summer",1064,865,199,63.2001879699248,9.36599601922715,42,96,238,314.478383458647,""
"all","UGR",2019,2021,"summer",438,437,1,76.9954337899543,6.68684812988019,48,98,238,304.047945205479,""
"all","UGR",2020,2022,"summer",1001,980,21,64.9320679320679,4.74250784072948,48,96,242,321.596403596404,""
"all","CAT",1993,1995,"winter",483,483,0,82.7556935817805,8.47979926202091,61,105,335,48,""
"all","CAT",1994,1996,"winter",294,294,0,92.1156462585034,6.91589355836376,72,114,9,47.1360544217687,""
"all","CAT",1995,1997,"winter",102,102,0,92.8333333333333,8.11682439651299,70,115,43.5,43.4509803921569,""
"all","CAT",1996,1998,"winter",437,437,0,89.6430205949657,6.75357723980251,70,107,6,43.7048054919908,""
"all","CAT",1997,1999,"winter",494,494,0,86.8906882591093,6.95218341904706,65,104,8,46.1295546558704,""
"all","CAT",1998,2000,"winter",500,500,0,85.78,6.62172897279694,68,104,14,44.108,""
"all","CAT",1999,2001,"winter",521,521,0,83.1631477927063,6.84036836019196,65,100,339,44.0095969289827,""
"all","CAT",2000,2002,"winter",449,449,0,80.7661469933185,6.64139572154306,65,101,339,44.2182628062361,""
"all","CAT",2001,2003,"winter",522,522,0,81.5306513409962,6.73376480451337,65,102,343,45.4674329501916,""
"all","CAT",2002,2004,"winter",499,499,0,77.1362725450902,7.32064438905152,59,101,343,44.2725450901804,""
"all","CAT",2003,2005,"winter",526,526,0,79.7509505703422,7.00453927987176,61,98,341,44.9790874524715,""
"all","CAT",2004,2006,"winter",500,500,0,83.086,7.34864676103273,59,114,354,42.948,""
"all","CAT",2005,2007,"winter",500,500,0,80.79,7.30318924486368,55,100,347,43.374,""
"all","CAT",2006,2008,"winter",500,500,0,79.568,7.88070981411882,55,101,346,43.234,""
"all","CAT",2007,2009,"winter",500,500,0,87.134,6.20427514381174,72,107,338,43.802,""
"all","CAT",2008,2010,"winter",498,498,0,79.3875502008032,8.33481979098403,55,101,355,44.5763052208835,""
"all","CAT",2009,2011,"winter",497,497,0,83.5674044265593,8.21902689668601,57,105,354,44.0362173038229,""
"all","CAT",2010,2012,"winter",501,501,0,81.3992015968064,7.56282482682744,61,102,348,44.8982035928144,""
"all","CAT",2011,2013,"winter",597,597,0,77.4371859296482,8.41328592092199,55,99,346,42.9229480737018,""
"all","CAT",2012,2014,"winter",129,129,0,83.1162790697674,8.41931179173878,59,99,345,43.5348837209302,""
"all","CAT",2013,2015,"winter",597,597,0,78.6365159128978,8.350754894251,55,114,343,42.7973199329983,""
"all","CAT",2014,2016,"winter",570,570,0,80.7719298245614,8.1448174166631,55,104,343,44.6719298245614,""
"all","CAT",2015,2017,"winter",598,598,0,82.4314381270903,7.11083455809378,56,105,342,43.9548494983278,""
"all","CAT",2016,2018,"winter",605,597,8,81.1785123966942,7.96024067212839,58,105,338,42.9636363636364,""
"all","CAT",2017,2019,"winter",541,541,0,84.5563770794824,7.09819101877579,66,107,339,43.634011090573,""
"all","CAT",2018,2020,"winter",594,594,0,85.8787878787879,8.09568335078287,62,111,345,43.6212121212121,""
"all","CAT",2019,2021,"winter",599,599,0,84.2821368948247,8.45698528485883,61,107,336,44.0717863105175,""
"all","CAT",2020,2022,"winter",600,600,0,80.0716666666667,8.47089865927548,57,105,341,45.75,""
"all","LOS",1995,1997,"winter",392,392,0,91.9311224489796,9.27901412245461,73,126,34,25,""
"all","LOS",1996,1998,"winter",504,504,0,94.625,8.13628021063704,76,123,350,14.4642857142857,""
"all","LOS",1997,1999,"winter",491,491,0,87.3116089613035,9.01736689800894,67,128,11,17.2830957230143,""
"all","LOS",1998,2000,"winter",511,511,0,83.9706457925636,8.53488340167418,67,131,5,18.1526418786693,""
"all","LOS",1999,2001,"winter",499,499,0,88.6673346693387,8.72663576628531,63,115,352,17.3066132264529,""
"all","LOS",2000,2002,"winter",563,563,0,81.4902309058615,8.93777383872177,55,116,345,16.1722912966252,""
"all","LOS",2001,2003,"winter",501,501,0,78.5788423153693,7.05097663143808,61,100,343,21.1097804391218,""
"all","LOS",2002,2004,"winter",500,500,0,75.32,7.43182777843086,58,102,336,17.268,""
"all","LOS",2003,2005,"winter",500,500,0,79.938,7.84661038851671,58,108,345,16.91,""
"all","LOS",2004,2006,"winter",501,501,0,73.3932135728543,7.05117535254197,54,107,348,19.5548902195609,""
"all","LOS",2005,2007,"winter",500,500,0,75.706,7.74645590953157,56,97,347,15.558,""
"all","LOS",2006,2008,"winter",500,500,0,78.192,8.18933858947511,56,110,339,20.798,""
"all","LOS",2007,2009,"winter",494,494,0,72.3076923076923,7.24774998578537,56,114,345,20.7631578947368,""
"all","LOS",2008,2010,"winter",499,499,0,71.5971943887776,7.08384043620344,55,95,349,18.496993987976,""
"all","LOS",2009,2011,"winter",500,500,0,77.584,7.66710590940624,56,103,342,18.836,""
"all","LOS",2010,2012,"winter",500,500,0,69.426,7.80964179780482,54,93,341,18.818,""
"all","LOS",2011,2013,"winter",592,592,0,73.8344594594595,7.11398339715545,55,93,354,17,""
"all","LOS",2012,2014,"winter",598,598,0,76.819397993311,7.29636964676547,56,108,335,18.9214046822742,""
"all","LOS",2013,2015,"winter",597,597,0,83.7889447236181,7.04722886124598,66,105,336,18.7587939698492,""
"all","LOS",2014,2016,"winter",598,598,0,77.4749163879599,6.71146469619015,60,102,335,20.2809364548495,""
"all","LOS",2015,2017,"winter",597,597,0,81.1457286432161,7.46988603185661,56,111,340,17.5142378559464,""
"all","LOS",2016,2018,"winter",599,599,0,79.2420701168614,7.57591455378023,57,116,334,16.7679465776294,""
"all","LOS",2017,2019,"winter",599,599,0,83.7579298831386,6.477372479322,64,102,333,19.4207011686144,""
"all","LOS",2018,2020,"winter",600,599,1,74.9683333333333,6.93956722072112,54,105,340,16.93,""
"all","LOS",2019,2021,"winter",598,598,0,82.0150501672241,6.73609549318382,49,105,336,15.494983277592,""
"all","LOS",2020,2022,"winter",226,226,0,83.3053097345133,7.4206719157645,66,105,347,16.5530973451327,""
"all","UGR",1992,1994,"winter",505,505,0,67.8514851485149,6.88307410242556,53,86,313,323.013861386139,""
"all","UGR",1993,1995,"winter",433,433,0,71.2909930715935,7.67049042220128,60,108,325,320,""
"all","UGR",1996,1998,"winter",124,124,0,70.9596774193548,5.77828735640107,57,82,353,321.967741935484,""
"all","UGR",1997,1999,"winter",419,419,0,70.7159904534606,7.59205119196018,57,92,348,321.510739856802,""
"all","UGR",1998,2000,"winter",500,500,0,74.148,7.87821226274805,57,99,347,323.796,""
"all","UGR",2002,2004,"winter",299,299,0,75.9832775919732,6.59797517952773,60,95,338,318.66220735786,""
"all","UGR",2003,2005,"winter",448,448,0,78.8883928571429,5.93597827886838,62,94,348,318.450892857143,""
"all","UGR",2004,2006,"winter",463,463,0,65.6436285097192,7.61608554966339,51,90,335,320.086393088553,""
"all","UGR",2005,2007,"winter",482,482,0,75.6825726141079,8.31430818546103,56,103,339,313.983402489627,""
"all","UGR",2006,2008,"winter",83,83,0,75.8674698795181,5.72280650137068,60,87,331,321.361445783133,""
"all","UGR",2008,2010,"winter",498,498,0,69.8092369477912,6.56202070359173,54,90,335,318.771084337349,""
"all","UGR",2009,2011,"winter",431,431,0,71.9512761020882,7.00398172439673,55,98,347,322.371229698376,""
"all","UGR",2010,2012,"winter",258,258,0,69.2558139534884,8.73142637450179,54,99,340,320.5,""
"all","UGR",2011,2013,"winter",576,576,0,71.3489583333333,9.89886768886922,55,110,340,319.059027777778,""
"all","UGR",2012,2014,"winter",125,125,0,66.184,8.1422672597399,55,90,337,319.456,""
"all","UGR",2013,2015,"winter",600,600,0,72.51,7.05238448172887,56,102,338,323.045,""
"all","UGR",2014,2016,"winter",331,331,0,70.8549848942598,7.38570266551582,56,95,348,321.271903323263,""
"all","UGR",2015,2017,"winter",597,597,0,67.6465661641541,7.19041418431564,55,92,334,322.824120603015,""
"all","UGR",2016,2018,"winter",599,599,0,71.6727879799666,9.08045297111647,55,99,332,318.889816360601,""
"all","UGR",2017,2019,"winter",600,600,0,70.015,6.56937613766052,55,97,332,322.043333333333,""
"all","UGR",2018,2020,"winter",97,93,4,70.8247422680412,10.3249397791609,54,100,338,321.010309278351,""
"all","UGR",2019,2021,"winter",94,94,0,93.563829787234,6.60165914407788,75,108,324,303.914893617021,""
"all","UGR",2020,2022,"winter",599,599,0,74.3455759599332,7.45414810965177,56,111,335,318.816360601002,""
"PIT","CAT",1993,1995,"fall",501,501,0,77.9620758483034,7.37214750817125,60,106,304,32,""
"PIT","CAT",1994,1996,"fall",511,511,0,89.5225048923679,6.71776853615605,70,116,290,32,""
"PIT","CAT",1995,1997,"fall",401,401,0,90.3092269326683,6.36625004621031,70,109,316,32,""
"PIT","CAT",1996,1998,"fall",583,583,0,88.1732418524871,6.83978438760304,65,108,287,32,""
"PIT","CAT",1997,1999,"fall",656,656,0,83.0335365853659,7.59683162111518,59,106,292,32,""
"PIT","CAT",1998,2000,"fall",677,677,0,85.7282127031019,7.94470453099849,66,107,301,32,""
"PIT","CAT",1999,2001,"fall",510,510,0,84.3333333333333,6.3896609349112,65,105,297,32,""
"PIT","CAT",2000,2002,"fall",514,514,0,80.7217898832685,7.18445581565305,58,98,277,32,""
"PIT","CAT",2001,2003,"fall",849,849,0,79.2944640753828,7.29971438937549,62,103,284,32,""
"PIT","CAT",2002,2004,"fall",522,522,0,74.0114942528736,7.20976239349122,59,95,293,32,""
"PIT","CAT",2003,2005,"fall",544,544,0,77.3455882352941,7.91983655585075,58,97,279,32,""
"PIT","CAT",2004,2006,"fall",500,500,0,79.758,8.65200267571625,56,117,285,32,""
"PIT","CAT",2005,2007,"fall",500,500,0,83.744,8.293613932667,61,107,284,32,""
"PIT","CAT",2006,2008,"fall",499,499,0,78.12625250501,8.21486629821563,57,103,289,32,""
"PIT","CAT",2007,2009,"fall",500,500,0,87.458,6.88091054001717,66,108,293,32,""
"PIT","CAT",2008,2010,"fall",820,820,0,78.4207317073171,7.87027355389614,56,100,296,32,""
"PIT","CAT",2009,2011,"fall",499,499,0,83.0380761523046,6.61662087423679,59,102,306,32,""
"PIT","CAT",2010,2012,"fall",1151,1151,0,79.8418766290182,8.11178539005635,57,108,295,32,""
"PIT","CAT",2011,2013,"fall",1150,1150,0,75.0608695652174,7.8116279359652,55,95,287,32,""
"PIT","CAT",2012,2014,"fall",920,920,0,73.545652173913,8.88997446165847,55,99,278,32,""
"PIT","CAT",2013,2015,"fall",703,703,0,75.4950213371266,8.17348682378081,56,102,287,32,""
"PIT","CAT",2014,2016,"fall",699,699,0,72.4849785407725,8.20830108470971,55,104,291,32,""
"PIT","CAT",2015,2017,"fall",700,700,0,74.0885714285714,8.98436955955104,56,111,287,32,""
"PIT","CAT",2016,2018,"fall",702,702,0,74.9871794871795,7.39866246687158,55,99,285,32,""
"PIT","CAT",2017,2019,"fall",700,700,0,83.5614285714286,8.16342015159263,60,105,297,32,""
"PIT","CAT",2018,2020,"fall",721,721,0,81.1650485436893,7.52932777205436,58,110,291,32,""
"PIT","CAT",2019,2021,"fall",700,700,0,76.5085714285714,7.316759972627,56,103,291,32,""
"PIT","CAT",2020,2022,"fall",700,700,0,74.0028571428571,6.96116288257234,57,97,290,32,""
"PIT","LOS",1995,1997,"fall",519,519,0,99.5414258188825,8.7904453378226,78,128,327,3,""
"PIT","LOS",1996,1998,"fall",498,498,0,97.8755020080321,7.68838277056733,66,122,305,3,""
"PIT","LOS",1997,1999,"fall",501,501,0,95.6087824351297,9.47178139077179,69,125,296,3,""
"PIT","LOS",1998,2000,"fall",514,514,0,97.4552529182879,9.60866555951154,69,127,305,3,""
"PIT","LOS",1999,2001,"fall",499,499,0,95.8296593186373,8.17805382358997,74,122,313,3,""
"PIT","LOS",2000,2002,"fall",494,494,0,94.7064777327935,9.60544547120614,70,119,288,3,""
"PIT","LOS",2001,2003,"fall",854,854,0,91.0269320843091,8.7160751195096,66,150,286,3,""
"PIT","LOS",2003,2005,"fall",500,500,0,87.504,12.1621469995753,54,117,279,3,""
"PIT","LOS",2004,2006,"fall",495,495,0,86.2464646464646,10.8493485049586,59,120,291,3,""
"PIT","LOS",2005,2007,"fall",499,499,0,84.2945891783567,10.9171483131231,56,126,284,3,""
"PIT","LOS",2006,2008,"fall",499,499,0,91.3827655310621,8.86782594071362,62,132,296,3,""
"PIT","LOS",2007,2009,"fall",500,500,0,84.444,9.68909806135148,60,117,294,3,""
"PIT","LOS",2008,2010,"fall",1100,1100,0,84.11,11.0066441180168,58,120,287,3,""
"PIT","LOS",2009,2011,"fall",1079,1079,0,88.2502316960148,8.32895331385269,59,121,299,3,""
"PIT","LOS",2010,2012,"fall",1798,1798,0,73.2163515016685,10.1494902916735,55,113,290,3,""
"PIT","LOS",2011,2013,"fall",1160,1160,0,79.3939655172414,10.3961630008948,55,121,284.5,3,""
"PIT","LOS",2012,2014,"fall",1181,1181,0,82.3590177815411,9.00573152999586,57,113,283,3,""
"PIT","LOS",2013,2015,"fall",1092,1092,0,93.1172161172161,8.5729198874108,67,124,290,3,""
"PIT","LOS",2014,2016,"fall",1183,1183,0,85.7058326289095,9.57222212136918,57,127,296,3,""
"PIT","LOS",2015,2017,"fall",919,919,0,90.379760609358,9.23692407630546,65,126,285,3,""
"PIT","LOS",2016,2018,"fall",1200,1200,0,85.3216666666667,9.26416309336175,65,125,284,3,""
"PIT","LOS",2017,2019,"fall",1175,1175,0,88.9421276595745,7.65593514856424,65,116,305,3,""
"PIT","LOS",2018,2020,"fall",1200,1200,0,84.6658333333333,8.26787744648613,65,125,289,3,""
"PIT","LOS",2019,2021,"fall",1210,1210,0,92.3355371900826,7.39569162918299,66,124,291,3,""
"PIT","LOS",2020,2022,"fall",1085,1085,0,87.5032258064516,8.58768741824185,65,129,286,3,""
"PIT","MIN",1999,2001,"fall",297,297,0,85.8282828282828,8.98952889820317,57,106,304,0,""
"PIT","MIN",2000,2002,"fall",534,534,0,72.1029962546816,7.58656549409768,55,100,284,0,""
"PIT","MIN",2001,2003,"fall",849,849,0,79.0329799764429,8.13818426394889,64,116,296,0,""
"PIT","MIN",2002,2004,"fall",500,500,0,71.81,7.53893700346969,55,102,295,0,""
"PIT","MIN",2003,2005,"fall",498,498,0,76.4016064257028,10.0677462481342,58,122,282,0,""
"PIT","MIN",2004,2006,"fall",499,499,0,78.5711422845691,9.62095108066671,58,110,286,0,""
"PIT","MIN",2005,2007,"fall",500,500,0,78.304,9.28461049177444,55,102,298,0,""
"PIT","MIN",2006,2008,"fall",500,500,0,80.338,8.66359462021896,56,103,289,0,""
"PIT","MIN",2007,2009,"fall",500,500,0,82.498,8.60290741738304,58,115,301.5,0,""
"PIT","MIN",2008,2010,"fall",945,945,0,75.9439153439154,7.97453757181889,57,103,294,0,""
"PIT","MIN",2009,2011,"fall",932,932,0,81.2199570815451,8.13671505580339,58,120,304,0,""
"PIT","MIN",2010,2012,"fall",1298,1298,0,76.675654853621,8.20282830538896,56,106,296,0,""
"PIT","MIN",2011,2013,"fall",1205,1205,0,75.0746887966805,9.44679444341106,55,118,297,0,""
"PIT","MIN",2012,2014,"fall",1084,1084,0,78.1143911439114,9.38357809452763,55,110,291,0,""
"PIT","MIN",2013,2015,"fall",1093,1093,0,80.2607502287283,8.67624257100544,55,113,295,0,""
"PIT","MIN",2014,2016,"fall",1089,1089,0,77.9807162534435,10.1503674158961,55,112,299,0,""
"PIT","MIN",2015,2017,"fall",899,899,0,81.8153503893215,9.33330770413311,65,118,292,0,""
"PIT","MIN",2016,2018,"fall",1100,1100,0,78.2990909090909,7.72600627537671,64,108,289,0,""
"PIT","MIN",2017,2019,"fall",1100,1100,0,83.5863636363636,9.13007785370372,65,110,288,0,""
"PIT","MIN",2018,2020,"fall",1148,1148,0,81.6506968641115,8.48738380821962,65,118,294,0,""
"PIT","MIN",2019,2021,"fall",1100,1100,0,84.8327272727273,8.48288014306158,65,117,290,0,""
"PIT","MIN",2020,2022,"fall",1099,1099,0,79.9062784349409,8.92527910911424,55,111,298,0,""
"PIT","UGR",1992,1994,"fall",402,402,0,78.4825870646766,10.8658078770783,54,115,284,299,""
"PIT","UGR",1993,1995,"fall",424,424,0,78.8655660377358,8.75937016207733,56,103,308,257,"During mig_year 1995 the UGR trap was located at RKM 257 (just upstream of La Grande); 42 rkm below its standard location at RKM 299."
"PIT","UGR",1994,1996,"fall",4,4,0,NA,NA,90,102,293.5,299,"Short trap season; sample size insufficient to estimate population mean length."
"PIT","UGR",1995,1997,"fall",27,27,0,NA,NA,83,104,319,299,"Short trap season; sample size insufficient to estimate population mean length."
"PIT","UGR",1996,1998,"fall",592,592,0,82.2297297297297,10.9985967999612,59,115,303,299,""
"PIT","UGR",1997,1999,"fall",499,499,0,85.1923847695391,12.3728497837537,57,117,311,299,""
"PIT","UGR",1998,2000,"fall",492,492,0,79.3617886178862,10.368918149777,60,102,303,299,""
"PIT","UGR",2000,2002,"fall",344,344,0,78.3052325581395,6.29057107851616,62,115,302,299,""
"PIT","UGR",2001,2003,"fall",583,583,0,81.253859348199,5.4483562287449,67,98,284,299,""
"PIT","UGR",2002,2004,"fall",179,179,0,78.4525139664805,4.43070641938775,68,90,290,299,""
"PIT","UGR",2003,2005,"fall",368,368,0,82.5461956521739,6.75520077652013,62,110,303,299,""
"PIT","UGR",2004,2006,"fall",519,519,0,70.2639691714836,8.06953805660053,53,93,307,299,""
"PIT","UGR",2005,2007,"fall",533,533,0,72.1688555347092,6.03386480123783,56,94,291,299,""
"PIT","UGR",2006,2008,"fall",159,159,0,74.125786163522,6.25283949509764,58,91,294,299,""
"PIT","UGR",2007,2009,"fall",4,4,0,NA,NA,85,103,306.5,299,"Short trap season; sample size insufficient to estimate population mean length."
"PIT","UGR",2008,2010,"fall",486,486,0,77.3271604938272,7.60534015878906,56,100,288,299,""
"PIT","UGR",2009,2011,"fall",498,498,0,83.2309236947791,7.54949380358331,55,107,303,299,""
"PIT","UGR",2010,2012,"fall",606,606,0,71.976897689769,8.09506293449793,51,100,284,299,""
"PIT","UGR",2011,2013,"fall",644,644,0,75.5900621118012,7.09190680581223,56,102,281,299,""
"PIT","UGR",2012,2014,"fall",636,636,0,70.5408805031446,7.57471312384388,55,94,274,299,""
"PIT","UGR",2013,2015,"fall",679,679,0,74.3770250368188,5.50080197834615,57,96,289,299,""
"PIT","UGR",2014,2016,"fall",699,699,0,71.4821173104435,5.99432951559383,55,89,289,299,""
"PIT","UGR",2015,2017,"fall",701,701,0,71.6305278174037,7.22548136851276,55,93,289,299,""
"PIT","UGR",2016,2018,"fall",700,700,0,72.3042857142857,7.8366903417167,56,97,281.5,299,""
"PIT","UGR",2017,2019,"fall",628,628,0,72.4203821656051,8.09700154282423,55,105,289,299,""
"PIT","UGR",2018,2020,"fall",700,700,0,74.1385714285714,9.0095767337039,55,100,283,299,""
"PIT","UGR",2019,2021,"fall",23,23,0,NA,NA,67,103,306,299,"Short trap season; sample size insufficient to estimate population mean length."
"PIT","UGR",2020,2022,"fall",588,588,0,77.5510204081633,6.77522661762661,56,98,303,299,""
"PIT","CAT",1993,1995,"spring",348,348,0,89.051724137931,7.80546416262337,66,117,90,32,""
"PIT","CAT",1994,1996,"spring",277,277,0,96.5776173285198,6.37408169783798,81,125,74,32,""
"PIT","CAT",1995,1997,"spring",81,81,0,93.962962962963,6.61710745802961,75,109,78,32,""
"PIT","CAT",1996,1998,"spring",453,453,0,93.2030905077263,7.34023276036281,70,118,78,32,""
"PIT","CAT",1997,1999,"spring",502,502,0,92.8386454183267,6.38672686105906,73,114,78,32,""
"PIT","CAT",1998,2000,"spring",431,431,0,90.9744779582367,8.18914756297833,68,126,83,32,""
"PIT","CAT",1999,2001,"spring",326,326,0,88.2361963190184,8.00553902157473,69,140,80,32,""
"PIT","CAT",2000,2002,"spring",214,214,0,90.2523364485981,8.36614399872472,69,139,93,32,""
"PIT","CAT",2001,2003,"spring",485,485,0,88.0721649484536,8.05616572903807,68,118,81,32,""
"PIT","CAT",2002,2004,"spring",524,524,0,84.1603053435115,7.52872565846507,62,113,88,32,""
"PIT","CAT",2003,2005,"spring",409,409,0,87.4205378973105,8.41795284508735,61,117,90,32,""
"PIT","CAT",2004,2006,"spring",360,360,0,88.5805555555555,8.07893920904367,67,127,89,32,""
"PIT","CAT",2005,2007,"spring",363,363,0,91.5592286501377,9.49054146526574,70,141,93,32,""
"PIT","CAT",2006,2008,"spring",447,447,0,86.0559284116331,6.95913790820076,63,114,86,32,""
"PIT","CAT",2007,2009,"spring",491,491,0,90.7556008146639,7.15266071483545,69,132,83,32,""
"PIT","CAT",2008,2010,"spring",569,569,0,89.7961335676626,7.40079357824295,66,110,92,32,""
"PIT","CAT",2009,2011,"spring",423,423,0,88.2364066193853,8.42648152246754,67,120,86,32,""
"PIT","CAT",2010,2012,"spring",1009,1009,0,83.0049554013875,7.7777265942685,59,109,85,32,""
"PIT","CAT",2011,2013,"spring",825,825,0,80.4678787878788,6.95140891529335,58,99,79,32,""
"PIT","CAT",2012,2014,"spring",764,764,0,84.9188481675393,7.68984015827037,63,120,69,32,""
"PIT","CAT",2013,2015,"spring",213,213,0,86.7699530516432,9.77137900397354,58,121,87,32,""
"PIT","CAT",2014,2016,"spring",462,462,0,82.5757575757576,7.16899332263429,60,103,71,32,""
"PIT","CAT",2015,2017,"spring",617,617,0,87.7277147487844,7.89811913309603,63,110,101,32,""
"PIT","CAT",2016,2018,"spring",696,696,0,87.7772988505747,7.45542932112956,64,115,84,32,""
"PIT","CAT",2017,2019,"spring",565,565,0,89.1380530973451,7.02947591672682,70,117,81,32,""
"PIT","CAT",2018,2020,"spring",322,322,0,91.8074534161491,7.73954165446428,71,117,66,32,""
"PIT","CAT",2019,2021,"spring",585,585,0,88.4923076923077,7.75725636701015,60,121,94,32,""
"PIT","CAT",2020,2022,"spring",700,700,0,88.4957142857143,7.25017755619558,66,111,83,32,""
"PIT","LOS",1995,1997,"spring",482,482,0,102.151452282158,12.0921568697132,79,141,93,3,""
"PIT","LOS",1996,1998,"spring",483,483,0,109.333333333333,13.8329792152512,77,148,102,3,""
"PIT","LOS",1997,1999,"spring",600,600,0,94.9283333333333,9.86536396858271,70,152,98,3,""
"PIT","LOS",1998,2000,"spring",354,354,0,95.454802259887,11.4156317504145,63,153,105,3,""
"PIT","LOS",1999,2001,"spring",442,442,0,100.893665158371,12.016994981923,75,148,110,3,""
"PIT","LOS",2000,2002,"spring",404,404,0,94.490099009901,10.5704490463879,67,126,100,3,""
"PIT","LOS",2001,2003,"spring",480,480,0,90.0395833333333,10.0329569567379,69,130,79,3,""
"PIT","LOS",2002,2004,"spring",500,500,0,88.126,10.578560198427,66,132,115,3,"Non-standard trap season; trap operated only during second half of spring (April 19 - June 18)."
"PIT","LOS",2003,2005,"spring",464,464,0,91.4504310344828,10.2277372319141,68,128,89,3,""
"PIT","LOS",2004,2006,"spring",517,517,0,89.5454545454545,9.0206676795054,65,127,100,3,""
"PIT","LOS",2005,2007,"spring",505,505,0,92.1089108910891,9.78853900412609,70,130,96,3,""
"PIT","LOS",2006,2008,"spring",498,498,0,95.574297188755,9.10455156298267,74,140,113,3,""
"PIT","LOS",2007,2009,"spring",593,593,0,91.4064080944351,10.9917856037522,69,148,99,3,""
"PIT","LOS",2008,2010,"spring",1061,1061,0,91.2045240339303,8.91715636439197,66,128,100,3,""
"PIT","LOS",2009,2011,"spring",1672,1672,0,90.7703349282297,8.45906850566343,64,137,99,3,""
"PIT","LOS",2010,2012,"spring",1761,1761,0,84.5315161839864,8.96611363221485,57,136,102,3,""
"PIT","LOS",2011,2013,"spring",1223,1223,0,91.6181520850368,10.0528341194324,64,143,104,3,""
"PIT","LOS",2012,2014,"spring",1141,1141,0,90.7668711656442,9.1591191127262,68,131,93,3,""
"PIT","LOS",2013,2015,"spring",649,649,0,95.4206471494607,9.69091493599034,63,127,103,3,""
"PIT","LOS",2014,2016,"spring",826,826,0,90.6707021791768,8.32509393833513,63,128,92,3,""
"PIT","LOS",2015,2017,"spring",595,595,0,90.7546218487395,9.72865658277557,65,132,94,3,""
"PIT","LOS",2016,2018,"spring",815,815,0,90.7018404907976,9.70666500414952,66,136,98,3,""
"PIT","LOS",2017,2019,"spring",525,525,0,90.4133333333333,10.1277438716011,65,130,99,3,""
"PIT","LOS",2018,2020,"spring",832,832,0,91.2199519230769,9.91545177349653,65,136,96,3,""
"PIT","LOS",2019,2021,"spring",569,569,0,89.8769771528998,9.54616179052163,66,118,109,3,""
"PIT","LOS",2020,2022,"spring",989,989,0,89.1243680485339,8.08968596161313,61,116,114,3,""
"PIT","MIN",1999,2001,"spring",539,539,0,90.3543599257885,8.17800537098795,69,148,92,0,""
"PIT","MIN",2000,2002,"spring",382,382,0,85.6465968586387,9.4698430832183,64,131,112,0,""
"PIT","MIN",2001,2003,"spring",510,510,0,86.4450980392157,9.40174739695266,63,132,86,0,""
"PIT","MIN",2002,2004,"spring",412,412,0,84.4296116504854,8.0833490713265,63,116,86,0,""
"PIT","MIN",2003,2005,"spring",373,373,0,84.6916890080429,7.3183273097547,64,110,89,0,""
"PIT","MIN",2004,2006,"spring",401,401,0,84.3341645885287,7.3588759238652,65,115,103,0,""
"PIT","MIN",2005,2007,"spring",216,216,0,91.5324074074074,9.26302305070533,68,155,86,0,""
"PIT","MIN",2006,2008,"spring",496,496,0,89.9153225806452,8.13080481664876,66,149,87,0,""
"PIT","MIN",2007,2009,"spring",415,415,0,88.5060240963855,8.41463742789291,69,143,95,0,""
"PIT","MIN",2008,2010,"spring",1059,1059,0,88.4702549575071,8.34883446305273,65,130,93,0,""
"PIT","MIN",2009,2011,"spring",1089,1089,0,88.5528007346189,8.88794695439375,65,149,101,0.484848484848485,"Some fish were captured at a trap located 3 rkm upstream (RKM 3) of the standard site at RKM 0."
"PIT","MIN",2010,2012,"spring",1018,1018,0,84.1080550098232,7.843736514335,64,117,93,0.50098231827112,"Some fish were captured at a trap located 3 rkm upstream (RKM 3) of the standard site at RKM 0."
"PIT","MIN",2011,2013,"spring",761,761,0,88.0315374507227,9.12423342859283,60,134,95,0,""
"PIT","MIN",2012,2014,"spring",1103,1103,0,85.4252039891206,8.44881993978249,61,138,92,0,""
"PIT","MIN",2013,2015,"spring",958,958,0,90.6701461377871,7.9848188101595,62,120,92,0,""
"PIT","MIN",2014,2016,"spring",746,746,0,85.1742627345844,8.84780682979239,66,132,87,0,""
"PIT","MIN",2015,2017,"spring",530,530,0,84.5339622641509,8.83838174284307,56,142,87,0,""
"PIT","MIN",2016,2018,"spring",730,730,0,88.9452054794521,8.4839724806467,65,138,92,0,""
"PIT","MIN",2017,2019,"spring",755,755,0,86.3721854304636,7.67150640158429,68,133,90,0,""
"PIT","MIN",2018,2020,"spring",896,896,0,87.3236607142857,7.35653385658495,66,126,93,0,""
"PIT","MIN",2019,2021,"spring",735,735,0,86.8380952380952,7.36991946958666,65,120,96,0,""
"PIT","MIN",2020,2022,"spring",789,789,0,85.1343472750317,7.24198832570889,57,134,114,0,""
"PIT","UGR",1992,1994,"spring",573,573,0,83.064572425829,9.28215548915782,60,109,90,299,""
"PIT","UGR",1993,1995,"spring",368,368,0,90.1820652173913,9.02264810515863,63,112,114,257,"During mig_year 1995 the UGR trap was located at RKM 257 (just upstream of La Grande); 42 rkm below its standard location at RKM 299."
"PIT","UGR",1994,1996,"spring",327,327,0,89.9571865443425,9.94700691974292,72,118,75,299,""
"PIT","UGR",1995,1997,"spring",1,1,0,NA,NA,95,95,77,299,"Short trap season; sample size insufficient to estimate population mean length."
"PIT","UGR",1996,1998,"spring",513,513,0,89.093567251462,10.7771739370846,65,118,79,299,""
"PIT","UGR",1997,1999,"spring",535,535,0,90.7570093457944,10.8779758264319,62,120,79,299,""
"PIT","UGR",1998,2000,"spring",493,493,0,89.2657200811359,8.89690165642443,64,111,81,299,""
"PIT","UGR",1999,2001,"spring",6,6,0,NA,NA,100,115,96,299,"Short trap season; sample size insufficient to estimate population mean length."
"PIT","UGR",2000,2002,"spring",538,538,0,84.7063197026022,7.74688001269669,65,119,96.5,299,""
"PIT","UGR",2001,2003,"spring",570,570,0,86.3385964912281,6.08343437324885,64,109,75,299,""
"PIT","UGR",2002,2004,"spring",525,525,0,83.6247619047619,7.12471749744461,63,103,83,299,""
"PIT","UGR",2003,2005,"spring",615,615,0,88.4747967479675,7.76815508781804,70,124,96,299,""
"PIT","UGR",2004,2006,"spring",505,505,0,79.2435643564356,8.12538663111339,59,110,89,299,""
"PIT","UGR",2005,2007,"spring",501,501,0,85.5269461077844,9.21399872232951,64,130,74,299,""
"PIT","UGR",2006,2008,"spring",510,510,0,81.8627450980392,6.2263134114158,65,109,86,299,""
"PIT","UGR",2007,2009,"spring",10,10,0,NA,NA,82,135,92.5,299,"Short trap season; sample size insufficient to estimate population mean length."
"PIT","UGR",2008,2010,"spring",503,503,0,84.8767395626243,8.67890672940403,58,108,95,299,""
"PIT","UGR",2009,2011,"spring",670,670,0,84.9686567164179,8.62682070997768,63,110,93,299,""
"PIT","UGR",2010,2012,"spring",632,632,0,82.2357594936709,8.08138788619286,62,107,81,299,""
"PIT","UGR",2011,2013,"spring",787,787,0,84.9110546378653,8.1823814497445,57,106,90,299,""
"PIT","UGR",2012,2014,"spring",805,805,0,81.3068322981366,8.8634761510678,57,106,78,299,""
"PIT","UGR",2013,2015,"spring",802,802,0,85.3229426433915,7.78385905203996,65,109,80,299,""
"PIT","UGR",2014,2016,"spring",600,600,0,78.125,7.05116348632277,58,95,75,299,""
"PIT","UGR",2015,2017,"spring",767,767,0,81.2112125162973,8.39073400819572,59,107,88,299,""
"PIT","UGR",2016,2018,"spring",711,711,0,83.0773558368495,7.24527484961345,65,109,87,299,""
"PIT","UGR",2017,2019,"spring",709,709,0,82.2806770098731,7.54451434594378,61,104,103,299,""
"PIT","UGR",2018,2020,"spring",717,717,0,83.5606694560669,7.78899550313458,62,109,87,299,""
"PIT","UGR",2019,2021,"spring",700,700,0,93.4814285714286,6.34744590264638,76,117,91,299,""
"PIT","UGR",2020,2022,"spring",699,699,0,83.8912732474964,8.11007162998989,66,123,105,299,""
"PIT","CAT",1991,1993,"summer",1093,1093,0,76.775846294602,6.91100428062588,57,104,232,43.6166514181153,""
"PIT","CAT",1992,1994,"summer",999,999,0,80.4474474474474,7.04174433770683,53,106,264,44.9249249249249,""
"PIT","CAT",1993,1995,"summer",1000,1000,0,72.738,7.44303397511759,59,100,256,45.159,""
"PIT","CAT",1994,1996,"summer",496,496,0,82.2822580645161,6.4801926444378,66,104,243,46.3024193548387,""
"PIT","CAT",1995,1997,"summer",584,584,0,84.4657534246575,7.26103762253756,60,109,241,44.3818493150685,""
"PIT","CAT",1996,1998,"summer",500,500,0,75.564,7.21095692676077,58,96,232,44.85,""
"PIT","CAT",1997,1999,"summer",501,501,0,73.0039920159681,7.40107992335822,52,115,218,44.5149700598802,""
"PIT","CAT",1998,2000,"summer",498,498,0,72.6325301204819,7.89617652069482,51,95,215,46.0341365461847,""
"PIT","CAT",1999,2001,"summer",496,496,0,72.5141129032258,6.60974200044749,52,94,221,44.8447580645161,""
"PIT","CAT",2000,2002,"summer",501,501,0,68.5469061876248,5.37106092026348,58,89,212,42.0179640718563,""
"PIT","CAT",2001,2003,"summer",503,503,0,67.3797216699801,7.18293589348173,53,94,212,42.5228628230616,""
"PIT","CAT",2002,2004,"summer",467,467,0,67.0064239828694,5.72041384950008,55,84,210,41.8865096359743,""
"PIT","CAT",2003,2005,"summer",494,494,0,70.1943319838057,6.61232240328764,57,88,216,41.8967611336032,""
"PIT","CAT",2004,2006,"summer",522,522,0,66.9731800766284,6.61436007165692,54,89,209,43.7950191570881,""
"PIT","CAT",2005,2007,"summer",502,502,0,65.398406374502,5.66361055169198,53,83,206,42.9123505976096,""
"PIT","CAT",2006,2008,"summer",1000,1000,0,66.65,7.15868331096905,52,89,212,44.342,""
"PIT","CAT",2007,2009,"summer",996,996,0,65.1124497991968,5.78122116974933,51,89,212,45.3755020080321,""
"PIT","CAT",2008,2010,"summer",997,997,0,64.283851554664,5.82204904051406,51,84,209,42.0351053159478,""
"PIT","CAT",2009,2011,"summer",991,991,0,68.5418768920283,6.90425224770798,55,92,215,41.9152371342079,""
"PIT","CAT",2010,2012,"summer",998,998,0,65.7324649298597,6.7988411408746,55,93,227,41.1372745490982,""
"PIT","CAT",2011,2013,"summer",427,427,0,63.2131147540984,6.10541331368582,55,87,213,38.7915690866511,""
"PIT","CAT",2012,2014,"summer",998,998,0,63.1933867735471,5.9792080696465,55,85,205,42.2865731462926,""
"PIT","CAT",2013,2015,"summer",998,998,0,64.0300601202405,5.84787921132126,55,88,210,44.1683366733467,""
"PIT","CAT",2014,2016,"summer",997,997,0,65.4513540621866,6.60312773278223,55,86,202,42.197592778335,""
"PIT","CAT",2015,2017,"summer",995,995,0,65.1366834170854,6.32911981249223,55,86,208,44.408040201005,""
"PIT","CAT",2016,2018,"summer",896,896,0,64.5647321428571,6.39450231186451,55,87,206,44.9810267857143,""
"PIT","CAT",2017,2019,"summer",979,979,0,67.5750766087845,6.39811065137303,55,91,212,44.0214504596527,""
"PIT","CAT",2018,2020,"summer",1436,1436,0,66.5898328690808,7.15957542391959,55,93,210,38.775069637883,""
"PIT","CAT",2019,2021,"summer",1000,1000,0,64.582,6.09380098217938,55,90,210,39.528,""
"PIT","CAT",2020,2022,"summer",1159,1159,0,64.0733390854185,5.68402042892087,55,85,211,44.237273511648,""
"PIT","LOS",1991,1993,"summer",995,995,0,84.3959798994975,7.88039259455159,64,108,248,18.4824120603015,""
"PIT","LOS",1992,1994,"summer",722,722,0,72.2894736842105,8.46093249238976,53,103,230,18.2797783933518,""
"PIT","LOS",1993,1995,"summer",1001,1001,0,72.2297702297702,8.11795250338118,58,103,242,16.6553446553447,""
"PIT","LOS",1994,1996,"summer",976,976,0,69.1741803278689,7.19361464321942,39,97,227,22.1700819672131,""
"PIT","LOS",1995,1997,"summer",527,527,0,76.5275142314991,8.62344393233206,59,105,228,18.4212523719165,""
"PIT","LOS",1997,1999,"summer",497,497,0,72.0301810865191,10.3144655784366,54,102,224,20.4346076458752,""
"PIT","LOS",1998,2000,"summer",509,509,0,69.4420432220039,9.48180398661815,52,99,222,16.3320235756385,""
"PIT","LOS",1999,2001,"summer",483,483,0,77.0186335403727,9.08498742261998,55,104,229,17.9316770186335,""
"PIT","LOS",2000,2002,"summer",501,501,0,73.189620758483,11.5029549271432,53,103,220,13.9181636726547,""
"PIT","LOS",2001,2003,"summer",509,509,0,69.581532416503,10.0007742224616,51,103,225,17.8978388998035,""
"PIT","LOS",2002,2004,"summer",525,525,0,67.7295238095238,8.98616328017696,53,100,217,15.4838095238095,""
"PIT","LOS",2003,2005,"summer",499,499,0,71.7134268537074,11.1530084943058,51,109,224,17.0541082164329,""
"PIT","LOS",2004,2006,"summer",736,736,0,62.9877717391304,8.58323709970375,49,93,221,22.8070652173913,""
"PIT","LOS",2005,2007,"summer",500,500,0,68.932,8.80695753379134,53,102,220.5,15.494,""
"PIT","LOS",2006,2008,"summer",1000,1000,0,73.158,9.97780499872555,53,106,228,17.642,""
"PIT","LOS",2007,2009,"summer",986,986,0,67.998985801217,9.1662035931163,51,100,219,9.50304259634888,""
"PIT","LOS",2008,2010,"summer",997,997,0,66.8686058174524,7.88889892615914,52,96,237,15.7943831494483,""
"PIT","LOS",2009,2011,"summer",996,996,0,68.6726907630522,7.62601321639546,52,102,224,13.6897590361446,""
"PIT","LOS",2010,2012,"summer",1000,1000,0,63.982,6.76945356003729,54,89,250,16.812,""
"PIT","LOS",2011,2013,"summer",999,999,0,63.4354354354354,8.66763181429171,51,99,221,17.3283283283283,""
"PIT","LOS",2012,2014,"summer",800,800,0,64.38875,8.41493537462998,55,99,217,21.2775,""
"PIT","LOS",2013,2015,"summer",998,998,0,68.4228456913828,8.47922466212855,55,107,217,21.5370741482966,""
"PIT","LOS",2014,2016,"summer",997,997,0,66.7231695085256,9.44034295376454,55,100,208,16.5687061183551,""
"PIT","LOS",2015,2017,"summer",727,727,0,64.8198074277854,7.46981020011049,55,90,214,17.4855570839065,""
"PIT","LOS",2016,2018,"summer",912,912,0,69.3991228070175,9.45801974724296,55,104,213,10.7280701754386,""
"PIT","LOS",2017,2019,"summer",995,995,0,69.9507537688442,8.34653067932774,55,100,218,23.0824120603015,""
"PIT","LOS",2018,2020,"summer",993,993,0,62.3635448136959,6.03599421233207,55,87,218,15.8640483383686,""
"PIT","LOS",2019,2021,"summer",998,998,0,65.871743486974,7.77411691755895,55,99,217,16.2735470941884,""
"PIT","LOS",2020,2022,"summer",998,998,0,63.0190380761523,7.03385125425282,55,94,215,21.874749498998,""
"PIT","MIN",1991,1993,"summer",987,987,0,81.5025329280648,6.76156838057507,62,107,259,38.2887537993921,""
"PIT","MIN",1992,1994,"summer",995,995,0,76.5015075376884,7.4057965590976,57,101,251,36.8613065326633,""
"PIT","MIN",1993,1995,"summer",995,995,0,68.1718592964824,6.1764474480703,58,95,250,33.1909547738693,""
"PIT","MIN",1994,1996,"summer",991,991,0,80.5025227043391,6.82861948966151,62,115,249,35.2653884964682,""
"PIT","MIN",1995,1997,"summer",589,589,0,91.641765704584,7.31848518809826,68,114,257,29.1731748726655,""
"PIT","MIN",1996,1998,"summer",995,995,0,76.2201005025126,7.22634891920967,58,107,246,35.4201005025126,""
"PIT","MIN",1997,1999,"summer",1003,1003,0,74.493519441675,7.27083062108655,56,105,231,35.567298105683,""
"PIT","MIN",1998,2000,"summer",997,997,0,70.332998996991,6.89693520295603,54,103,228,37.3400200601805,""
"PIT","MIN",1999,2001,"summer",999,999,0,79.0840840840841,7.88678258963497,58,109,235,37.5005005005005,""
"PIT","MIN",2000,2002,"summer",993,993,0,63.7492447129909,6.73074927627642,51,91,234,38.1148036253776,""
"PIT","MIN",2001,2003,"summer",999,999,0,66.6786786786787,7.6642898257387,53,94,233,36.6816816816817,""
"PIT","MIN",2002,2004,"summer",994,994,0,66.5835010060362,6.96456065754093,53,94,233,36.4788732394366,""
"PIT","MIN",2003,2005,"summer",1002,1002,0,67.3423153692615,7.34599361598805,51,96,237,37.497005988024,""
"PIT","MIN",2004,2006,"summer",1007,1007,0,68.2284011916584,7.59718136794783,52,89,236,38.7428003972195,""
"PIT","MIN",2005,2007,"summer",1000,1000,0,71.905,8.06492517125968,54,99,242,38.992,""
"PIT","MIN",2006,2008,"summer",1000,1000,0,68.873,6.45434191297064,54,92,233,37.392,""
"PIT","MIN",2007,2009,"summer",995,995,0,66.3226130653266,7.19080574970637,48,92,232,37.3236180904523,""
"PIT","MIN",2008,2010,"summer",983,983,0,64.2909460834181,6.13234799027845,53,86,230,37.0457782299084,""
"PIT","MIN",2009,2011,"summer",999,999,0,65.8258258258258,6.76455557431008,52,86,230,38.1241241241241,""
"PIT","MIN",2010,2012,"summer",998,998,0,65.4448897795591,6.84917531864328,55,90,242,37.0420841683367,""
"PIT","MIN",2011,2013,"summer",995,995,0,66.1015075376884,6.65662162114809,52,90,234,37.9597989949749,""
"PIT","MIN",2012,2014,"summer",999,999,0,68.7077077077077,7.05451508019396,55,96,233,36.3923923923924,""
"PIT","MIN",2013,2015,"summer",995,995,0,69.7507537688442,7.401546070931,55,102,232,38.6874371859296,""
"PIT","MIN",2014,2016,"summer",994,994,0,66.91046277666,7.41307676589703,55,94,231,38.8581488933602,""
"PIT","MIN",2015,2017,"summer",994,994,0,70.3732394366197,7.71917272523084,55,104,229,39.7293762575453,""
"PIT","MIN",2016,2018,"summer",919,919,0,65.8258977149075,6.49904833274507,55,93,226,37.038084874864,""
"PIT","MIN",2017,2019,"summer",998,998,0,69.7034068136273,6.70156259692882,55,96,234,37.7024048096192,""
"PIT","MIN",2018,2020,"summer",991,991,0,65.9051463168517,7.08513052094115,55,90,233,36.2896064581231,""
"PIT","MIN",2019,2021,"summer",989,989,0,68.6764408493428,6.80426612663367,55,102,231,39.8655207280081,""
"PIT","MIN",2020,2022,"summer",1000,1000,0,69.571,7.08386477426977,55,94,238,38.177,""
"PIT","UGR",1991,1993,"summer",916,916,0,75.2052401746725,6.68784190461768,56,110,234,316.82096069869,""
"PIT","UGR",1992,1994,"summer",1001,1001,0,63.2447552447552,6.4652173176959,54,89,258,323.315684315684,""
"PIT","UGR",1993,1995,"summer",998,998,0,67.3076152304609,7.83547997019573,57,107,258,320.179358717435,""
"PIT","UGR",2006,2008,"summer",1000,1000,0,65.454,6.68899294562542,53,87,240,322.336,""
"PIT","UGR",2008,2010,"summer",735,735,0,59.9251700680272,4.44783331414111,52,75,224,321.697959183673,""
"PIT","UGR",2009,2011,"summer",785,785,0,60.9732484076433,4.85562452851736,52,88,243,321.895541401274,""
"PIT","UGR",2010,2012,"summer",987,987,0,64.5379939209726,7.168737432578,54,93,256,317.423505572442,""
"PIT","UGR",2011,2013,"summer",996,996,0,62.4287148594378,6.18410499002551,54,89,241,315.542168674699,""
"PIT","UGR",2012,2014,"summer",1000,1000,0,62.261,6.20155934732051,55,82,239,318.136,""
"PIT","UGR",2013,2015,"summer",1000,1000,0,65.609,6.28232334304647,55,94,238,319.593,""
"PIT","UGR",2014,2016,"summer",997,997,0,61.6379137412237,5.24809076591965,55,84,237,321.207622868606,""
"PIT","UGR",2015,2017,"summer",993,993,0,61.9133937562941,5.94519254339721,55,90,235,320.691842900302,""
"PIT","UGR",2016,2018,"summer",929,929,0,64.6921420882669,7.01383735766586,55,102,235,317.698600645856,""
"PIT","UGR",2017,2019,"summer",999,999,0,63.3863863863864,5.05291190228361,55,80,242,322.276276276276,""
"PIT","UGR",2018,2020,"summer",865,865,0,66.0196531791908,7.60867757344291,55,96,238,313.151445086705,""
"PIT","UGR",2019,2021,"summer",437,437,0,77.0617848970252,6.54857148926045,61,98,238,304.045766590389,""
"PIT","UGR",2020,2022,"summer",980,980,0,65.1071428571429,4.55426368045296,55,96,242,321.637755102041,""
"PIT","CAT",1993,1995,"winter",483,483,0,82.7556935817805,8.47979926202091,61,105,335,48,""
"PIT","CAT",1994,1996,"winter",294,294,0,92.1156462585034,6.91589355836376,72,114,9,47.1360544217687,""
"PIT","CAT",1995,1997,"winter",102,102,0,92.8333333333333,8.11682439651299,70,115,43.5,43.4509803921569,""
"PIT","CAT",1996,1998,"winter",437,437,0,89.6430205949657,6.75357723980251,70,107,6,43.7048054919908,""
"PIT","CAT",1997,1999,"winter",494,494,0,86.8906882591093,6.95218341904706,65,104,8,46.1295546558704,""
"PIT","CAT",1998,2000,"winter",500,500,0,85.78,6.62172897279694,68,104,14,44.108,""
"PIT","CAT",1999,2001,"winter",521,521,0,83.1631477927063,6.84036836019196,65,100,339,44.0095969289827,""
"PIT","CAT",2000,2002,"winter",449,449,0,80.7661469933185,6.64139572154306,65,101,339,44.2182628062361,""
"PIT","CAT",2001,2003,"winter",522,522,0,81.5306513409962,6.73376480451337,65,102,343,45.4674329501916,""
"PIT","CAT",2002,2004,"winter",499,499,0,77.1362725450902,7.32064438905152,59,101,343,44.2725450901804,""
"PIT","CAT",2003,2005,"winter",526,526,0,79.7509505703422,7.00453927987176,61,98,341,44.9790874524715,""
"PIT","CAT",2004,2006,"winter",500,500,0,83.086,7.34864676103273,59,114,354,42.948,""
"PIT","CAT",2005,2007,"winter",500,500,0,80.79,7.30318924486368,55,100,347,43.374,""
"PIT","CAT",2006,2008,"winter",500,500,0,79.568,7.88070981411882,55,101,346,43.234,""
"PIT","CAT",2007,2009,"winter",500,500,0,87.134,6.20427514381174,72,107,338,43.802,""
"PIT","CAT",2008,2010,"winter",498,498,0,79.3875502008032,8.33481979098403,55,101,355,44.5763052208835,""
"PIT","CAT",2009,2011,"winter",497,497,0,83.5674044265593,8.21902689668601,57,105,354,44.0362173038229,""
"PIT","CAT",2010,2012,"winter",501,501,0,81.3992015968064,7.56282482682744,61,102,348,44.8982035928144,""
"PIT","CAT",2011,2013,"winter",597,597,0,77.4371859296482,8.41328592092199,55,99,346,42.9229480737018,""
"PIT","CAT",2012,2014,"winter",129,129,0,83.1162790697674,8.41931179173878,59,99,345,43.5348837209302,""
"PIT","CAT",2013,2015,"winter",597,597,0,78.6365159128978,8.350754894251,55,114,343,42.7973199329983,""
"PIT","CAT",2014,2016,"winter",570,570,0,80.7719298245614,8.1448174166631,55,104,343,44.6719298245614,""
"PIT","CAT",2015,2017,"winter",598,598,0,82.4314381270903,7.11083455809378,56,105,342,43.9548494983278,""
"PIT","CAT",2016,2018,"winter",597,597,0,81.2177554438861,8.00080656507641,58,105,338,42.9095477386935,""
"PIT","CAT",2017,2019,"winter",541,541,0,84.5563770794824,7.09819101877579,66,107,339,43.634011090573,""
"PIT","CAT",2018,2020,"winter",594,594,0,85.8787878787879,8.09568335078287,62,111,345,43.6212121212121,""
"PIT","CAT",2019,2021,"winter",599,599,0,84.2821368948247,8.45698528485883,61,107,336,44.0717863105175,""
"PIT","CAT",2020,2022,"winter",600,600,0,80.0716666666667,8.47089865927548,57,105,341,45.75,""
"PIT","LOS",1995,1997,"winter",392,392,0,91.9311224489796,9.27901412245461,73,126,34,25,""
"PIT","LOS",1996,1998,"winter",504,504,0,94.625,8.13628021063704,76,123,350,14.4642857142857,""
"PIT","LOS",1997,1999,"winter",491,491,0,87.3116089613035,9.01736689800894,67,128,11,17.2830957230143,""
"PIT","LOS",1998,2000,"winter",511,511,0,83.9706457925636,8.53488340167418,67,131,5,18.1526418786693,""
"PIT","LOS",1999,2001,"winter",499,499,0,88.6673346693387,8.72663576628531,63,115,352,17.3066132264529,""
"PIT","LOS",2000,2002,"winter",563,563,0,81.4902309058615,8.93777383872177,55,116,345,16.1722912966252,""
"PIT","LOS",2001,2003,"winter",501,501,0,78.5788423153693,7.05097663143808,61,100,343,21.1097804391218,""
"PIT","LOS",2002,2004,"winter",500,500,0,75.32,7.43182777843086,58,102,336,17.268,""
"PIT","LOS",2003,2005,"winter",500,500,0,79.938,7.84661038851671,58,108,345,16.91,""
"PIT","LOS",2004,2006,"winter",501,501,0,73.3932135728543,7.05117535254197,54,107,348,19.5548902195609,""
"PIT","LOS",2005,2007,"winter",500,500,0,75.706,7.74645590953157,56,97,347,15.558,""
"PIT","LOS",2006,2008,"winter",500,500,0,78.192,8.18933858947511,56,110,339,20.798,""
"PIT","LOS",2007,2009,"winter",494,494,0,72.3076923076923,7.24774998578537,56,114,345,20.7631578947368,""
"PIT","LOS",2008,2010,"winter",499,499,0,71.5971943887776,7.08384043620344,55,95,349,18.496993987976,""
"PIT","LOS",2009,2011,"winter",500,500,0,77.584,7.66710590940624,56,103,342,18.836,""
"PIT","LOS",2010,2012,"winter",500,500,0,69.426,7.80964179780482,54,93,341,18.818,""
"PIT","LOS",2011,2013,"winter",592,592,0,73.8344594594595,7.11398339715545,55,93,354,17,""
"PIT","LOS",2012,2014,"winter",598,598,0,76.819397993311,7.29636964676547,56,108,335,18.9214046822742,""
"PIT","LOS",2013,2015,"winter",597,597,0,83.7889447236181,7.04722886124598,66,105,336,18.7587939698492,""
"PIT","LOS",2014,2016,"winter",598,598,0,77.4749163879599,6.71146469619015,60,102,335,20.2809364548495,""
"PIT","LOS",2015,2017,"winter",597,597,0,81.1457286432161,7.46988603185661,56,111,340,17.5142378559464,""
"PIT","LOS",2016,2018,"winter",599,599,0,79.2420701168614,7.57591455378023,57,116,334,16.7679465776294,""
"PIT","LOS",2017,2019,"winter",599,599,0,83.7579298831386,6.477372479322,64,102,333,19.4207011686144,""
"PIT","LOS",2018,2020,"winter",599,599,0,75.0033388981636,6.8921448819594,58,105,340,16.9265442404007,""
"PIT","LOS",2019,2021,"winter",598,598,0,82.0150501672241,6.73609549318382,49,105,336,15.494983277592,""
"PIT","LOS",2020,2022,"winter",226,226,0,83.3053097345133,7.4206719157645,66,105,347,16.5530973451327,""
"PIT","UGR",1992,1994,"winter",505,505,0,67.8514851485149,6.88307410242556,53,86,313,323.013861386139,""
"PIT","UGR",1993,1995,"winter",433,433,0,71.2909930715935,7.67049042220128,60,108,325,320,""
"PIT","UGR",1996,1998,"winter",124,124,0,70.9596774193548,5.77828735640107,57,82,353,321.967741935484,""
"PIT","UGR",1997,1999,"winter",419,419,0,70.7159904534606,7.59205119196018,57,92,348,321.510739856802,""
"PIT","UGR",1998,2000,"winter",500,500,0,74.148,7.87821226274805,57,99,347,323.796,""
"PIT","UGR",2002,2004,"winter",299,299,0,75.9832775919732,6.59797517952773,60,95,338,318.66220735786,""
"PIT","UGR",2003,2005,"winter",448,448,0,78.8883928571429,5.93597827886838,62,94,348,318.450892857143,""
"PIT","UGR",2004,2006,"winter",463,463,0,65.6436285097192,7.61608554966339,51,90,335,320.086393088553,""
"PIT","UGR",2005,2007,"winter",482,482,0,75.6825726141079,8.31430818546103,56,103,339,313.983402489627,""
"PIT","UGR",2006,2008,"winter",83,83,0,75.8674698795181,5.72280650137068,60,87,331,321.361445783133,""
"PIT","UGR",2008,2010,"winter",498,498,0,69.8092369477912,6.56202070359173,54,90,335,318.771084337349,""
"PIT","UGR",2009,2011,"winter",431,431,0,71.9512761020882,7.00398172439673,55,98,347,322.371229698376,""
"PIT","UGR",2010,2012,"winter",258,258,0,69.2558139534884,8.73142637450179,54,99,340,320.5,""
"PIT","UGR",2011,2013,"winter",576,576,0,71.3489583333333,9.89886768886922,55,110,340,319.059027777778,""
"PIT","UGR",2012,2014,"winter",125,125,0,66.184,8.1422672597399,55,90,337,319.456,""
"PIT","UGR",2013,2015,"winter",600,600,0,72.51,7.05238448172887,56,102,338,323.045,""
"PIT","UGR",2014,2016,"winter",331,331,0,70.8549848942598,7.38570266551582,56,95,348,321.271903323263,""
"PIT","UGR",2015,2017,"winter",597,597,0,67.6465661641541,7.19041418431564,55,92,334,322.824120603015,""
"PIT","UGR",2016,2018,"winter",599,599,0,71.6727879799666,9.08045297111647,55,99,332,318.889816360601,""
"PIT","UGR",2017,2019,"winter",600,600,0,70.015,6.56937613766052,55,97,332,322.043333333333,""
"PIT","UGR",2018,2020,"winter",93,93,0,71.5483870967742,9.91980466260196,55,100,338,320.967741935484,""
"PIT","UGR",2019,2021,"winter",94,94,0,93.563829787234,6.60165914407788,75,108,324,303.914893617021,""
"PIT","UGR",2020,2022,"winter",599,599,0,74.3455759599332,7.45414810965177,56,111,335,318.816360601002,""
